TransactionAmount,TransactionType,CustomerAge,CustomerOccupation,LoginAttempts,AccountBalance,Cluster
14.09,Debit,70,Doctor,1,5112.21,2
376.24,Debit,68,Doctor,1,13758.91,2
126.29,Debit,19,Student,1,1122.35,1
184.5,Debit,26,Student,1,8569.06,1
13.45,Credit,26,Student,1,7429.4,1
92.15,Debit,18,Student,1,781.68,1
7.08,Credit,37,Doctor,1,13316.71,5
171.42,Credit,67,Retired,1,2796.24,3
106.23,Credit,51,Engineer,1,9095.14,0
815.96,Debit,55,Doctor,1,1021.88,2
17.78,Credit,52,Engineer,1,7599.52,0
190.02,Debit,21,Student,1,1528.81,1
494.52,Credit,24,Student,1,1620.02,1
781.76,Debit,26,Student,1,189.69,1
166.99,Debit,18,Student,1,299.93,1
465.45,Debit,36,Engineer,1,3465.54,4
555.8,Credit,19,Student,1,1131.26,1
492.93,Debit,39,Engineer,1,5109.97,0
18.68,Credit,59,Retired,1,7948.37,3
71.48,Credit,18,Student,1,6568.59,1
59.32,Debit,71,Retired,1,5750.89,3
85.77,Debit,38,Doctor,1,9146.19,5
52.2,Debit,39,Engineer,1,8974.93,0
345.84,Debit,22,Student,3,1402.5,1
145.54,Debit,21,Student,1,1930.96,1
7.49,Credit,65,Retired,1,3634.67,3
246.93,Debit,23,Student,5,673.35,1
40.32,Debit,37,Engineer,1,2686.52,4
127.45,Debit,44,Doctor,1,1772.06,2
56.17,Debit,27,Student,1,1351.69,1
28.31,Credit,59,Doctor,1,8334.47,2
59.12,Debit,29,Doctor,1,9823.64,5
396.45,Debit,49,Engineer,3,9690.15,0
877.81,Debit,22,Student,1,399.0,1
255.26,Credit,45,Doctor,1,14815.87,2
124.76,Debit,49,Engineer,1,5764.72,0
78.13,Debit,26,Student,1,900.61,1
649.28,Debit,75,Retired,1,4875.86,3
795.31,Debit,66,Doctor,2,7914.88,2
335.63,Debit,55,Retired,1,1019.39,3
328.47,Debit,63,Retired,1,4323.66,3
34.02,Debit,38,Doctor,1,14214.48,5
241.42,Credit,57,Doctor,1,13357.02,2
55.32,Debit,19,Student,1,241.79,1
304.31,Debit,27,Student,1,868.61,1
435.27,Debit,74,Retired,1,4673.28,3
164.49,Debit,26,Student,1,1509.27,1
510.24,Debit,19,Student,1,781.7,1
626.9,Debit,26,Student,1,265.51,1
22.01,Credit,41,Engineer,1,1335.09,0
425.34,Credit,69,Retired,1,3907.54,3
424.56,Debit,51,Engineer,1,5183.85,0
85.43,Debit,67,Doctor,1,14904.9,2
169.5,Debit,28,Student,1,918.88,1
104.63,Debit,62,Retired,1,4477.78,3
316.95,Debit,25,Student,1,1324.03,1
60.54,Credit,57,Retired,1,3534.93,3
292.56,Credit,68,Retired,1,4638.37,3
386.52,Debit,48,Engineer,1,5630.61,0
112.07,Debit,23,Student,1,930.3,1
568.52,Debit,46,Engineer,1,5499.91,0
263.99,Debit,79,Retired,2,4175.02,3
349.64,Debit,48,Engineer,1,6651.62,0
601.4,Credit,56,Engineer,1,8458.29,0
5.77,Debit,50,Doctor,1,13988.12,2
201.33,Credit,42,Engineer,1,2585.07,0
298.42,Debit,56,Retired,1,3014.75,3
521.06,Debit,25,Student,1,1951.42,1
117.28,Credit,60,Engineer,1,3665.77,0
189.12,Credit,32,Engineer,1,977.01,4
133.55,Debit,44,Engineer,1,3846.28,0
143.21,Debit,35,Engineer,1,6374.82,4
24.77,Debit,62,Retired,1,5866.01,3
233.92,Credit,26,Student,1,6537.62,1
1212.51,Debit,20,Student,1,605.95,1
232.12,Debit,37,Engineer,1,6689.87,4
162.63,Debit,22,Student,1,634.17,1
91.53,Debit,44,Doctor,1,14676.05,2
120.29,Debit,19,Student,1,1362.39,1
174.25,Debit,50,Doctor,1,10528.34,2
183.71,Debit,38,Engineer,1,552.52,4
345.39,Credit,58,Engineer,1,6451.96,0
922.55,Debit,63,Retired,1,4715.84,3
259.91,Debit,49,Doctor,1,7176.86,2
154.71,Debit,34,Doctor,1,1523.72,5
1340.19,Credit,54,Engineer,1,8654.28,0
24.56,Debit,64,Doctor,1,9869.93,2
568.07,Debit,48,Doctor,1,10556.81,2
9.61,Credit,58,Doctor,1,12883.91,2
392.96,Debit,24,Student,1,791.65,1
716.93,Credit,60,Retired,1,4064.02,3
223.85,Debit,53,Engineer,4,2929.91,0
230.66,Debit,21,Student,1,618.05,1
442.12,Debit,19,Student,1,1375.8,1
644.17,Debit,29,Engineer,1,1143.52,4
508.68,Credit,51,Engineer,1,7708.41,0
858.63,Credit,27,Student,1,1872.96,1
25.36,Debit,57,Engineer,1,201.04,0
147.62,Debit,71,Retired,1,2115.8,3
115.02,Debit,37,Doctor,1,7643.66,5
383.37,Debit,30,Engineer,1,8901.93,4
98.54,Credit,20,Student,1,9383.43,1
83.24,Credit,55,Doctor,1,1181.31,2
196.16,Debit,27,Engineer,1,9418.86,4
129.94,Debit,32,Engineer,1,7954.92,4
306.9,Debit,46,Engineer,1,9418.08,0
114.98,Debit,59,Retired,1,6144.68,3
756.59,Debit,27,Student,1,420.65,1
503.76,Debit,22,Student,1,447.82,1
143.03,Debit,63,Retired,1,7981.45,3
1045.22,Debit,53,Retired,1,1829.9,3
245.54,Debit,25,Student,1,985.06,1
254.37,Credit,51,Engineer,1,8849.26,0
213.76,Credit,78,Retired,1,3528.72,3
327.86,Debit,40,Engineer,1,480.16,0
2.5,Debit,47,Doctor,1,12145.27,2
300.08,Credit,68,Doctor,1,13546.75,2
56.98,Credit,43,Engineer,2,5688.37,0
407.65,Debit,26,Engineer,1,8346.64,4
115.83,Debit,39,Engineer,1,6481.04,0
53.57,Debit,69,Retired,1,1651.33,3
63.34,Credit,46,Doctor,1,11174.94,2
317.87,Debit,27,Student,1,145.5,1
331.65,Debit,41,Engineer,1,4172.57,0
5.04,Debit,56,Retired,1,5558.36,3
214.54,Credit,70,Doctor,1,11151.53,2
598.81,Debit,57,Doctor,1,1415.52,2
841.28,Debit,26,Student,1,1103.64,1
38.15,Debit,26,Student,1,303.68,1
1036.66,Debit,58,Doctor,1,5541.57,2
124.72,Debit,33,Engineer,1,6309.8,4
302.45,Credit,78,Retired,1,5133.61,3
208.04,Debit,47,Engineer,1,9344.98,0
5.77,Credit,23,Student,1,1117.97,1
381.33,Debit,56,Doctor,1,11835.35,2
16.16,Debit,50,Doctor,1,14401.17,2
486.08,Debit,18,Student,1,1748.69,1
336.39,Debit,21,Student,1,1000.46,1
997.43,Debit,69,Doctor,1,6810.05,2
234.57,Debit,23,Student,1,263.98,1
6.0,Debit,30,Doctor,1,5442.76,5
1049.92,Debit,80,Retired,1,2037.85,3
227.14,Debit,18,Student,1,341.94,1
233.74,Credit,66,Retired,1,1066.59,3
113.02,Credit,69,Retired,1,6077.96,3
45.85,Debit,20,Student,1,1659.15,1
973.39,Debit,77,Retired,1,2042.22,3
514.95,Debit,41,Doctor,5,421.93,2
415.5,Debit,66,Doctor,1,10113.66,2
265.76,Debit,54,Retired,1,4446.17,3
69.4,Debit,80,Retired,1,6452.77,3
332.93,Credit,35,Engineer,1,2788.2,4
267.9,Debit,20,Student,1,596.16,1
496.03,Debit,61,Doctor,1,12904.66,2
376.26,Debit,37,Engineer,1,9062.4,4
83.02,Credit,36,Engineer,1,9009.56,4
93.26,Credit,20,Student,1,1152.2,1
803.37,Credit,68,Doctor,1,12168.37,2
35.76,Debit,23,Student,1,611.86,1
28.53,Debit,62,Doctor,1,8670.53,2
139.53,Credit,53,Doctor,1,10098.86,2
307.57,Debit,33,Doctor,1,5307.74,5
60.65,Credit,56,Retired,1,1047.28,3
74.86,Debit,70,Doctor,1,6921.48,2
117.97,Debit,51,Retired,1,1475.46,3
231.91,Debit,34,Engineer,1,112.76,4
126.21,Debit,75,Retired,1,5669.66,3
506.28,Credit,53,Retired,2,1309.95,3
304.35,Debit,31,Engineer,1,4057.1,4
281.85,Debit,22,Student,1,1585.98,1
777.88,Debit,31,Engineer,1,6825.55,4
119.18,Debit,56,Retired,1,5516.5,3
177.19,Debit,76,Retired,1,5343.3,3
260.88,Debit,22,Student,1,903.05,1
169.47,Debit,24,Student,1,1806.16,1
73.23,Debit,26,Student,1,787.74,1
1362.55,Debit,29,Engineer,1,2429.68,4
792.57,Debit,19,Student,1,770.37,1
237.06,Debit,71,Retired,1,1182.77,3
34.17,Credit,54,Engineer,1,726.55,0
740.25,Debit,41,Doctor,1,14464.3,2
453.54,Debit,58,Doctor,1,12046.3,2
300.47,Debit,73,Retired,1,7885.64,3
110.93,Credit,19,Student,1,1952.35,1
201.69,Debit,59,Doctor,1,7328.52,2
399.21,Debit,59,Engineer,1,3210.39,0
1041.88,Debit,78,Retired,1,5726.2,3
630.36,Debit,62,Retired,1,1363.65,3
10.94,Credit,60,Engineer,1,1241.99,0
215.9,Debit,38,Doctor,1,7873.28,5
1422.55,Debit,79,Retired,1,5674.32,3
226.37,Credit,49,Doctor,1,9840.04,2
444.89,Credit,43,Doctor,1,10328.23,2
280.57,Credit,25,Student,1,293.24,1
488.54,Debit,52,Engineer,1,7486.63,0
3.3,Credit,50,Doctor,1,11385.37,2
199.39,Debit,69,Retired,1,7264.79,3
20.36,Debit,62,Retired,1,2762.48,3
113.64,Debit,62,Retired,1,6675.03,3
493.11,Debit,53,Retired,1,7432.99,3
307.41,Debit,19,Student,1,1057.0,1
11.18,Debit,43,Doctor,1,5956.89,2
313.82,Debit,59,Engineer,1,7261.59,0
51.0,Debit,64,Retired,1,4943.16,3
140.98,Debit,60,Engineer,1,8127.48,0
288.04,Debit,68,Retired,1,1748.02,3
800.55,Debit,31,Engineer,1,9660.22,4
485.54,Debit,46,Engineer,1,6371.51,0
521.15,Debit,54,Doctor,1,9442.47,2
321.79,Credit,63,Retired,1,5959.2,3
304.93,Debit,65,Doctor,1,13531.22,2
432.08,Debit,40,Doctor,1,11500.62,2
694.2,Debit,61,Retired,1,1389.37,3
116.86,Debit,55,Engineer,1,6706.56,0
386.81,Credit,57,Doctor,1,7175.29,2
74.88,Debit,25,Student,1,420.67,1
195.76,Debit,75,Retired,1,7323.53,3
134.7,Debit,50,Doctor,1,8395.85,2
890.24,Credit,33,Engineer,1,5140.93,4
361.27,Debit,63,Doctor,1,7945.57,2
131.56,Debit,44,Doctor,1,5873.54,2
485.51,Credit,76,Retired,1,3074.45,3
547.87,Debit,64,Retired,1,6155.76,3
457.3,Debit,28,Engineer,1,8318.29,4
506.24,Debit,58,Engineer,1,230.09,0
486.59,Debit,57,Retired,1,2513.56,3
163.68,Debit,41,Doctor,1,10090.05,2
581.65,Debit,22,Student,1,480.19,1
52.01,Debit,48,Doctor,1,1120.88,2
630.24,Debit,21,Student,1,370.81,1
523.74,Debit,43,Doctor,1,13498.55,2
705.6,Debit,40,Doctor,3,14804.7,2
217.5,Credit,46,Engineer,1,3057.4,0
91.48,Debit,51,Doctor,1,14942.78,2
5.25,Debit,39,Doctor,1,14143.32,2
54.03,Credit,56,Retired,1,6736.3,3
736.73,Debit,48,Engineer,1,3313.07,0
368.91,Debit,54,Doctor,1,829.71,2
33.06,Credit,53,Retired,1,1540.87,3
66.5,Credit,32,Engineer,1,6820.23,4
177.08,Debit,35,Doctor,1,13475.14,5
588.54,Debit,32,Engineer,1,714.45,4
173.5,Debit,21,Student,1,1306.91,1
78.33,Credit,56,Engineer,1,7255.33,0
40.66,Debit,59,Retired,1,1153.84,3
97.22,Credit,77,Retired,1,6647.73,3
34.07,Debit,22,Student,1,8709.77,1
492.06,Debit,23,Student,1,857.9,1
842.01,Credit,53,Doctor,1,509.45,2
73.55,Debit,51,Engineer,1,2812.06,0
760.53,Debit,57,Engineer,1,6179.91,0
273.08,Credit,26,Engineer,1,6609.3,4
371.69,Debit,67,Retired,1,3484.32,3
218.96,Debit,18,Student,1,754.21,1
227.39,Debit,18,Student,1,751.09,1
237.99,Credit,39,Doctor,1,8510.09,2
186.6,Debit,58,Doctor,1,1508.72,2
341.15,Debit,18,Student,1,511.37,1
434.58,Debit,59,Doctor,1,12648.32,2
312.88,Credit,54,Engineer,1,233.21,0
75.15,Debit,23,Student,1,1092.92,1
23.3,Debit,59,Engineer,1,6711.15,0
47.38,Credit,25,Student,1,459.37,1
512.81,Debit,79,Retired,1,6994.34,3
488.15,Debit,43,Engineer,1,7071.09,0
12.82,Debit,44,Engineer,1,9045.19,0
66.9,Credit,79,Retired,4,5238.71,3
535.91,Debit,43,Engineer,1,9642.12,0
270.72,Credit,26,Engineer,1,6263.96,4
97.98,Debit,72,Retired,1,7460.33,3
196.08,Debit,61,Retired,1,4233.82,3
251.18,Debit,42,Engineer,1,8303.9,0
44.52,Debit,28,Student,1,314.28,1
178.87,Debit,35,Doctor,1,5241.23,5
1176.28,Credit,54,Engineer,5,323.69,0
386.68,Debit,46,Doctor,1,6863.06,2
167.14,Debit,76,Retired,1,3877.73,3
345.22,Debit,69,Retired,1,4046.58,3
74.85,Debit,72,Retired,1,2409.73,3
671.73,Debit,58,Engineer,1,5211.88,0
255.04,Debit,45,Engineer,1,6217.86,0
45.77,Debit,25,Student,1,5978.12,1
329.69,Credit,26,Student,1,1671.66,1
362.04,Credit,58,Doctor,2,8421.88,2
11.92,Debit,53,Doctor,1,14611.9,2
47.42,Debit,64,Doctor,1,8253.52,2
35.99,Debit,63,Retired,1,4489.79,3
151.19,Credit,37,Doctor,1,11903.82,5
242.62,Credit,22,Student,1,483.02,1
48.72,Debit,21,Student,1,816.08,1
43.46,Debit,25,Student,1,578.06,1
1036.21,Debit,25,Student,1,477.3,1
443.79,Debit,53,Retired,1,3133.85,3
365.14,Debit,68,Retired,1,5894.09,3
757.41,Debit,22,Student,1,9532.42,1
20.54,Debit,51,Engineer,1,5327.03,0
475.36,Debit,34,Engineer,1,2000.6,4
34.74,Debit,56,Retired,1,6827.57,3
689.54,Debit,27,Student,1,1633.76,1
211.18,Debit,73,Retired,1,4069.17,3
211.36,Credit,51,Engineer,1,7943.47,0
744.41,Credit,39,Engineer,1,8842.47,0
61.43,Debit,24,Student,1,1882.77,1
167.44,Debit,37,Doctor,1,12526.71,5
361.46,Debit,21,Student,1,4737.84,1
378.85,Debit,78,Retired,1,2300.53,3
241.11,Debit,30,Doctor,1,12385.05,5
131.93,Credit,31,Engineer,1,4547.06,4
20.28,Debit,36,Engineer,1,2047.83,4
415.88,Debit,70,Doctor,1,10008.33,2
49.99,Debit,62,Retired,1,2299.64,3
1221.65,Debit,27,Student,1,243.92,1
100.66,Debit,50,Doctor,1,14473.33,2
485.54,Debit,19,Student,1,1533.32,1
321.15,Debit,46,Doctor,1,7005.05,2
711.3,Debit,21,Student,1,955.4,1
12.23,Debit,42,Engineer,1,7844.88,0
350.94,Debit,20,Student,1,221.56,1
301.85,Debit,54,Engineer,1,6586.19,0
29.34,Debit,65,Retired,1,3944.82,3
231.71,Debit,27,Student,1,1127.98,1
179.43,Debit,58,Retired,1,2626.63,3
36.71,Debit,48,Doctor,1,6459.38,2
138.12,Credit,53,Doctor,1,1649.69,2
233.24,Debit,33,Engineer,1,6939.23,4
609.14,Debit,39,Engineer,1,9033.87,0
436.64,Debit,31,Doctor,1,14365.18,5
870.43,Debit,29,Doctor,1,10115.18,5
354.4,Debit,74,Retired,1,7358.65,3
22.63,Debit,53,Engineer,1,4438.03,0
182.19,Debit,26,Student,1,1176.1,1
126.81,Debit,26,Engineer,1,5427.98,4
288.17,Debit,37,Engineer,1,3653.11,4
118.77,Debit,55,Engineer,1,2104.82,0
651.82,Debit,21,Student,1,1802.77,1
66.65,Debit,37,Engineer,1,3559.96,4
98.53,Debit,69,Retired,1,3564.8,3
138.95,Debit,71,Retired,1,6752.92,3
33.89,Debit,26,Student,1,1444.75,1
23.71,Debit,58,Doctor,1,10788.89,2
1830.0,Debit,55,Engineer,1,2235.7,0
26.06,Debit,65,Doctor,1,12893.63,2
17.07,Debit,27,Engineer,1,2798.15,4
703.89,Debit,46,Engineer,1,3583.67,0
1271.9,Debit,47,Engineer,1,2120.8,0
26.55,Debit,77,Retired,1,3085.38,3
147.4,Debit,42,Engineer,1,6797.71,0
202.11,Debit,27,Student,1,746.47,1
308.42,Debit,75,Retired,1,5427.81,3
11.18,Debit,53,Engineer,1,7467.3,0
294.15,Debit,38,Engineer,1,6362.16,4
29.58,Debit,54,Engineer,1,8345.26,0
139.45,Debit,27,Student,1,1305.76,1
432.63,Debit,29,Doctor,1,13648.36,5
131.43,Debit,43,Doctor,1,1337.5,2
516.72,Debit,42,Engineer,1,2015.69,0
121.82,Debit,69,Doctor,3,8354.54,2
374.5,Credit,26,Student,1,1671.51,1
166.13,Debit,68,Doctor,1,11822.53,2
626.9,Debit,23,Student,1,587.11,1
466.85,Debit,56,Retired,1,5422.53,3
788.84,Debit,58,Retired,1,1913.73,3
873.65,Credit,37,Doctor,1,12139.83,5
525.28,Debit,69,Retired,1,4693.6,3
110.17,Debit,30,Engineer,1,464.2,4
632.69,Debit,80,Retired,1,4363.74,3
124.35,Debit,72,Retired,1,3319.76,3
43.85,Debit,62,Retired,1,4356.98,3
283.81,Debit,28,Student,1,1519.35,1
168.53,Debit,71,Retired,1,5962.58,3
218.59,Credit,40,Engineer,1,6699.23,0
132.84,Debit,21,Student,1,822.73,1
157.37,Credit,42,Doctor,1,13964.31,2
144.77,Debit,20,Student,1,867.32,1
643.22,Debit,64,Doctor,1,1035.86,2
1392.54,Debit,41,Doctor,1,13347.69,2
208.07,Debit,32,Doctor,1,8478.9,5
94.3,Debit,57,Doctor,1,11088.95,2
295.5,Debit,59,Retired,1,6280.66,3
30.23,Debit,44,Doctor,1,481.13,2
112.05,Credit,26,Student,1,1122.88,1
180.24,Debit,58,Engineer,1,8431.23,0
13.71,Credit,38,Engineer,1,8342.79,4
96.54,Debit,58,Retired,1,7182.22,3
79.35,Debit,67,Retired,1,1692.15,3
101.04,Debit,27,Student,1,1695.57,1
74.42,Debit,49,Engineer,1,6264.21,0
39.66,Debit,52,Engineer,1,8497.34,0
99.36,Debit,40,Doctor,1,1272.12,2
123.85,Debit,56,Engineer,1,3959.62,0
426.93,Debit,19,Student,1,476.19,1
133.73,Credit,25,Student,1,1872.22,1
222.39,Debit,49,Engineer,1,3117.39,0
215.94,Credit,22,Student,1,1841.69,1
6.3,Debit,80,Retired,5,7697.68,3
826.23,Debit,29,Doctor,1,7580.59,5
416.37,Debit,35,Engineer,1,7936.91,4
131.46,Debit,67,Retired,1,6642.33,3
202.86,Credit,61,Doctor,1,7642.25,2
268.39,Debit,26,Student,1,136.74,1
194.85,Debit,23,Student,4,319.84,1
137.35,Credit,40,Doctor,1,12662.66,2
712.75,Debit,44,Doctor,1,8126.06,2
353.82,Debit,42,Doctor,1,705.75,2
507.25,Debit,73,Retired,1,5331.57,3
212.74,Debit,27,Engineer,1,7645.47,4
364.42,Debit,51,Engineer,1,8119.73,0
195.12,Debit,46,Doctor,1,6101.15,2
230.61,Debit,80,Retired,1,2561.42,3
739.28,Credit,58,Doctor,1,11905.64,2
390.35,Credit,64,Doctor,1,7095.88,2
242.03,Debit,58,Engineer,1,4382.73,0
242.39,Credit,18,Student,1,1328.73,1
135.03,Debit,23,Student,1,1278.0,1
83.5,Debit,61,Retired,5,1749.79,3
193.54,Debit,80,Retired,1,2929.51,3
617.36,Debit,29,Engineer,1,8926.38,4
775.23,Credit,59,Doctor,1,5977.59,2
266.57,Debit,72,Retired,1,7676.92,3
153.4,Debit,45,Engineer,1,4657.7,0
946.94,Debit,53,Retired,1,5579.11,3
5.12,Debit,34,Engineer,1,3293.01,4
119.11,Debit,57,Engineer,1,7998.25,0
1096.7,Debit,24,Student,1,1093.89,1
119.72,Debit,30,Engineer,1,3435.34,4
107.4,Debit,58,Doctor,1,344.07,2
115.92,Debit,53,Retired,1,3897.17,3
438.04,Debit,67,Retired,1,5358.95,3
677.29,Debit,27,Engineer,1,627.79,4
296.0,Debit,35,Doctor,1,7418.82,5
299.09,Credit,36,Engineer,1,5615.26,4
461.52,Credit,24,Student,1,1995.18,1
100.52,Debit,50,Engineer,1,453.39,0
85.35,Debit,66,Retired,1,2173.76,3
79.76,Debit,39,Engineer,1,6452.14,0
778.49,Credit,75,Retired,1,7713.67,3
386.38,Debit,42,Engineer,1,5528.36,0
165.25,Debit,35,Doctor,1,9939.94,5
14.29,Debit,34,Engineer,1,7016.99,4
232.79,Credit,55,Retired,1,2661.3,3
1237.56,Credit,60,Engineer,1,9410.17,0
92.29,Debit,54,Engineer,1,2026.32,0
293.97,Debit,68,Retired,1,7371.85,3
136.32,Debit,19,Student,1,264.83,1
251.06,Debit,36,Doctor,1,10001.66,5
50.17,Credit,77,Retired,1,7752.14,3
21.4,Debit,34,Engineer,1,9594.11,4
73.28,Debit,21,Student,1,1329.41,1
70.23,Debit,38,Doctor,1,11624.93,5
689.29,Debit,22,Student,1,168.84,1
745.03,Debit,28,Student,1,160.57,1
54.61,Debit,58,Engineer,1,7135.64,0
54.05,Debit,27,Student,1,469.14,1
107.47,Debit,67,Retired,1,7517.5,3
611.11,Debit,20,Student,4,919.84,1
219.63,Debit,48,Doctor,1,8013.63,2
188.7,Debit,54,Retired,1,5077.06,3
93.52,Debit,51,Engineer,1,2791.2,0
275.92,Credit,62,Retired,1,1777.38,3
376.79,Debit,68,Retired,1,7749.14,3
8.98,Debit,66,Retired,1,4516.76,3
697.32,Debit,68,Retired,1,2016.02,3
17.45,Debit,18,Student,1,1959.52,1
302.16,Debit,80,Retired,5,3876.61,3
442.74,Debit,23,Student,1,1790.27,1
623.9,Debit,27,Student,1,711.47,1
445.41,Debit,35,Doctor,3,12154.66,5
63.41,Debit,26,Student,1,1546.22,1
346.85,Debit,44,Doctor,1,7208.15,2
71.95,Credit,59,Engineer,1,9267.32,0
7.5,Debit,63,Retired,1,6485.78,3
206.46,Debit,65,Retired,1,3984.38,3
423.11,Debit,60,Engineer,1,412.78,0
35.84,Credit,54,Retired,1,4795.65,3
88.6,Credit,28,Student,1,246.57,1
1431.3,Debit,18,Student,1,1058.13,1
53.81,Credit,55,Engineer,2,2564.62,0
22.46,Debit,54,Retired,1,6631.5,3
334.89,Debit,21,Student,1,1661.68,1
319.27,Credit,54,Retired,1,5504.01,3
144.3,Debit,18,Student,1,312.19,1
348.7,Credit,69,Retired,1,2445.58,3
366.21,Debit,62,Doctor,1,10862.99,2
99.11,Debit,55,Retired,1,5414.87,3
539.35,Debit,55,Retired,1,3919.44,3
188.99,Debit,58,Engineer,1,7315.34,0
1416.69,Debit,46,Engineer,1,3740.73,0
710.14,Debit,26,Student,1,465.63,1
308.68,Debit,53,Doctor,1,9992.36,2
166.68,Debit,57,Retired,1,5141.19,3
0.99,Debit,45,Engineer,1,4317.85,0
505.19,Debit,30,Doctor,5,5326.68,5
66.58,Debit,23,Student,1,1636.32,1
223.43,Debit,77,Retired,1,7932.41,3
659.95,Debit,60,Engineer,1,3927.69,0
634.86,Debit,27,Student,1,588.5,1
286.5,Credit,30,Engineer,1,8517.95,4
322.96,Credit,76,Retired,1,2401.59,3
654.48,Debit,19,Student,1,6776.41,1
157.97,Debit,48,Doctor,1,5529.92,2
120.9,Debit,40,Doctor,1,9009.42,2
254.77,Debit,57,Engineer,1,5994.87,0
795.96,Debit,65,Retired,1,5468.58,3
149.25,Debit,39,Engineer,1,5677.52,0
3.42,Credit,43,Doctor,1,14180.21,2
68.19,Credit,40,Doctor,1,9895.1,2
493.42,Debit,39,Engineer,1,2232.84,0
37.57,Debit,57,Retired,1,7739.54,3
127.0,Credit,19,Student,5,431.16,1
96.89,Debit,59,Retired,1,6044.93,3
448.33,Debit,25,Student,1,922.19,1
1116.48,Debit,51,Engineer,1,447.53,0
8.65,Debit,48,Doctor,1,10778.35,2
65.57,Debit,41,Engineer,1,7513.79,0
539.81,Debit,46,Engineer,1,2051.25,0
363.53,Debit,63,Retired,1,1038.91,3
64.9,Credit,51,Retired,1,6854.61,3
358.18,Debit,18,Student,1,619.86,1
167.2,Debit,30,Doctor,1,11320.83,5
121.91,Debit,60,Doctor,1,14510.8,2
137.57,Debit,54,Engineer,1,5103.67,0
534.62,Debit,55,Doctor,1,13793.53,2
463.92,Debit,50,Engineer,1,2403.39,0
320.14,Debit,60,Retired,1,3075.97,3
214.93,Debit,28,Student,1,7835.4,1
660.02,Debit,20,Student,1,414.43,1
345.81,Debit,40,Engineer,1,6116.8,0
143.54,Debit,71,Retired,1,6067.62,3
42.55,Debit,53,Engineer,1,7341.43,0
1063.25,Credit,21,Student,1,1240.71,1
541.79,Debit,22,Student,1,1454.08,1
40.57,Debit,26,Student,1,1476.91,1
120.24,Debit,18,Student,2,1943.13,1
498.67,Debit,28,Student,1,1719.97,1
227.22,Debit,53,Doctor,1,832.82,2
1182.86,Debit,30,Engineer,1,7696.16,4
56.94,Credit,76,Retired,1,7004.63,3
629.82,Debit,68,Retired,1,6385.69,3
59.44,Debit,35,Engineer,1,5472.03,4
186.69,Debit,30,Engineer,1,8602.22,4
230.46,Debit,19,Student,1,162.53,1
65.09,Credit,44,Engineer,1,9370.9,0
457.09,Credit,55,Engineer,1,8570.82,0
552.02,Credit,44,Engineer,1,522.08,0
377.12,Debit,34,Engineer,1,836.67,4
204.56,Credit,18,Student,1,364.72,1
420.28,Debit,35,Doctor,1,8557.32,5
97.09,Debit,24,Student,4,1579.57,1
124.59,Debit,27,Student,1,129.29,1
73.88,Debit,39,Doctor,1,6474.41,2
77.43,Debit,21,Student,1,1380.21,1
106.16,Debit,56,Doctor,4,7487.79,2
245.93,Debit,54,Engineer,1,7986.63,0
622.41,Debit,64,Doctor,1,7322.01,2
43.73,Debit,34,Doctor,1,9929.43,5
1282.86,Debit,19,Student,1,1830.98,1
2.03,Credit,33,Engineer,1,3012.31,4
770.65,Debit,31,Doctor,1,7198.8,5
260.31,Debit,63,Doctor,1,10980.38,2
356.1,Credit,26,Student,1,868.35,1
27.07,Credit,80,Retired,1,3773.29,3
119.89,Debit,67,Doctor,1,6697.77,2
106.39,Debit,37,Doctor,1,9410.99,5
12.04,Debit,37,Engineer,1,6213.32,4
365.7,Debit,21,Student,2,368.78,1
29.38,Credit,28,Student,1,1663.31,1
319.85,Debit,60,Doctor,1,711.66,2
350.14,Credit,75,Retired,1,2403.25,3
163.94,Credit,52,Retired,1,5957.37,3
170.53,Debit,24,Student,1,801.01,1
262.22,Credit,40,Engineer,1,5711.71,0
41.49,Debit,24,Student,1,928.33,1
121.43,Credit,52,Engineer,1,7365.28,0
350.46,Debit,51,Retired,1,5839.38,3
220.41,Credit,26,Engineer,1,5116.98,4
33.46,Debit,72,Retired,1,3641.07,3
104.79,Debit,70,Doctor,1,1352.19,2
246.27,Debit,29,Doctor,1,7299.86,5
48.85,Debit,19,Student,1,1503.56,1
332.0,Debit,69,Retired,1,5943.13,3
118.1,Debit,54,Engineer,1,895.66,0
84.59,Credit,67,Doctor,1,5669.1,2
295.64,Debit,21,Student,1,1061.96,1
514.33,Debit,25,Student,1,1592.94,1
992.17,Debit,43,Doctor,1,6215.96,2
94.59,Debit,39,Doctor,1,6171.89,2
80.43,Debit,59,Retired,1,5987.67,3
54.25,Debit,68,Doctor,1,14783.33,2
178.88,Credit,76,Retired,4,4708.29,3
518.85,Debit,22,Student,1,1806.0,1
10.65,Debit,54,Doctor,1,13240.72,2
198.62,Credit,27,Student,1,1196.07,1
107.03,Debit,27,Student,1,1408.07,1
139.57,Debit,19,Student,3,271.78,1
312.47,Debit,49,Engineer,4,9419.27,0
346.11,Debit,41,Engineer,1,9551.64,0
138.06,Debit,44,Engineer,1,1070.47,0
158.02,Debit,49,Engineer,1,9374.24,0
830.01,Credit,66,Retired,1,4253.18,3
435.5,Debit,55,Retired,1,6981.03,3
110.49,Debit,57,Doctor,1,10483.93,2
329.4,Debit,34,Doctor,1,9588.07,5
635.4,Debit,47,Doctor,1,1238.11,2
769.97,Debit,22,Student,1,1244.93,1
175.07,Debit,26,Student,1,1040.25,1
7.31,Debit,78,Retired,1,5757.67,3
175.15,Debit,27,Student,1,1712.65,1
32.54,Debit,25,Student,4,1544.88,1
121.82,Debit,60,Doctor,1,13293.83,2
56.12,Debit,30,Doctor,1,8839.67,5
424.7,Credit,56,Retired,1,6239.89,3
35.16,Debit,32,Engineer,1,8459.18,4
35.73,Debit,65,Doctor,1,9073.17,2
3.44,Debit,78,Retired,1,7561.33,3
1342.25,Credit,21,Student,1,694.03,1
139.03,Credit,50,Engineer,1,2276.57,0
254.92,Credit,28,Engineer,1,2791.12,4
115.11,Debit,28,Engineer,1,9808.97,4
171.11,Debit,57,Retired,1,6324.09,3
168.54,Debit,70,Doctor,2,13406.0,2
420.76,Debit,51,Retired,1,6581.55,3
408.46,Debit,64,Retired,1,3140.79,3
1162.42,Credit,30,Doctor,1,10357.26,5
342.17,Credit,21,Student,1,461.83,1
580.71,Debit,53,Engineer,1,5670.0,0
821.54,Credit,79,Retired,1,4040.32,3
253.47,Debit,20,Student,1,220.51,1
22.81,Debit,62,Retired,1,3634.76,3
266.57,Credit,39,Engineer,1,7180.48,0
374.61,Credit,75,Retired,1,1389.71,3
339.35,Credit,78,Retired,1,5002.7,3
810.36,Debit,20,Student,1,9239.12,1
9.83,Debit,24,Student,1,666.42,1
135.57,Credit,51,Doctor,1,11351.64,2
340.05,Debit,43,Engineer,1,7234.15,0
283.45,Debit,27,Engineer,1,2049.51,4
100.99,Debit,68,Doctor,1,8865.27,2
90.88,Debit,18,Student,1,3908.47,1
655.15,Debit,26,Engineer,1,5587.44,4
320.55,Debit,50,Engineer,1,438.75,0
41.51,Debit,28,Student,1,609.6,1
71.53,Credit,68,Retired,1,2393.73,3
467.13,Credit,54,Retired,1,3914.84,3
235.4,Debit,28,Student,1,818.36,1
159.32,Debit,18,Student,1,304.44,1
50.83,Credit,30,Doctor,1,9553.42,5
56.89,Credit,59,Engineer,1,3034.67,0
20.22,Debit,43,Engineer,1,5515.32,0
50.4,Debit,36,Doctor,1,1677.01,5
73.88,Debit,53,Retired,1,4055.55,3
119.61,Debit,33,Doctor,1,9899.94,5
1241.05,Debit,18,Student,1,756.74,1
116.58,Debit,43,Engineer,1,2620.74,0
1919.11,Debit,30,Doctor,1,11090.24,5
391.96,Debit,64,Retired,1,2174.16,3
156.26,Credit,46,Engineer,1,7854.1,0
427.0,Credit,49,Engineer,1,8253.65,0
443.68,Debit,18,Student,1,874.15,1
101.76,Debit,31,Doctor,1,6043.25,5
67.57,Debit,37,Engineer,1,2766.12,4
326.29,Debit,56,Engineer,1,8171.26,0
158.56,Debit,33,Doctor,1,5401.21,5
56.02,Debit,27,Student,1,3548.02,1
288.28,Debit,27,Student,1,160.83,1
245.67,Credit,24,Student,1,752.25,1
152.18,Credit,39,Engineer,4,2459.84,0
114.35,Credit,41,Engineer,1,469.12,0
373.27,Credit,61,Doctor,1,8441.61,2
504.63,Debit,60,Engineer,1,3806.16,0
126.22,Debit,46,Engineer,4,6133.41,0
820.15,Debit,47,Doctor,1,8802.97,2
986.81,Credit,68,Doctor,1,14881.77,2
8.37,Debit,63,Retired,1,1106.34,3
197.49,Credit,53,Retired,1,5005.33,3
637.97,Debit,58,Retired,1,7949.03,3
13.52,Debit,26,Student,1,259.77,1
432.1,Debit,49,Engineer,1,2114.3,0
375.17,Debit,51,Engineer,2,5495.3,0
642.68,Debit,50,Doctor,1,8461.46,2
78.44,Credit,52,Retired,1,6870.84,3
139.72,Debit,49,Engineer,1,5058.83,0
499.99,Debit,31,Engineer,1,8885.0,4
10.07,Debit,24,Student,1,530.81,1
120.62,Debit,23,Student,1,9379.53,1
578.49,Debit,59,Retired,1,6475.13,3
119.3,Debit,34,Engineer,5,319.04,4
280.92,Debit,41,Doctor,1,5298.85,2
42.42,Debit,21,Student,1,490.57,1
77.03,Debit,67,Doctor,1,11310.27,2
22.59,Debit,62,Retired,1,3988.75,3
568.76,Debit,51,Retired,1,7484.32,3
25.94,Credit,58,Retired,5,4815.11,3
105.94,Debit,51,Engineer,1,5963.1,0
733.29,Debit,52,Doctor,5,10427.0,2
350.15,Credit,21,Student,1,296.47,1
1151.18,Debit,65,Doctor,1,1100.06,2
183.67,Debit,19,Student,1,910.26,1
278.27,Debit,29,Doctor,1,6684.34,5
470.3,Debit,40,Doctor,1,8524.09,2
261.69,Debit,53,Retired,1,5126.65,3
365.04,Debit,22,Student,1,873.89,1
211.1,Debit,57,Retired,1,7059.77,3
21.49,Debit,58,Doctor,1,11991.24,2
63.58,Debit,18,Student,1,8086.04,1
321.86,Debit,63,Doctor,1,12626.49,2
12.11,Debit,75,Retired,1,1730.28,3
642.54,Debit,44,Engineer,1,3143.17,0
210.45,Debit,27,Student,1,1242.49,1
313.65,Credit,55,Retired,1,1886.36,3
99.76,Debit,26,Student,1,416.89,1
115.32,Debit,53,Retired,1,5929.08,3
33.61,Debit,23,Student,1,479.08,1
498.59,Credit,33,Doctor,1,5862.99,5
98.81,Debit,27,Student,1,797.1,1
1.87,Debit,65,Retired,1,7287.94,3
78.92,Credit,59,Engineer,1,5624.86,0
194.29,Credit,39,Engineer,1,2988.41,0
28.73,Debit,53,Engineer,1,2712.96,0
105.53,Debit,24,Student,1,1433.66,1
737.34,Debit,30,Doctor,1,7336.56,5
237.86,Debit,18,Student,1,475.63,1
409.61,Debit,65,Doctor,1,11698.15,2
75.53,Credit,21,Student,1,1034.35,1
72.75,Debit,64,Doctor,1,12042.79,2
39.11,Debit,26,Student,1,518.54,1
1309.79,Debit,23,Student,1,1258.93,1
729.38,Debit,68,Doctor,1,9127.65,2
137.49,Debit,34,Engineer,1,4471.05,4
504.71,Debit,29,Engineer,1,6214.54,4
371.47,Credit,24,Student,1,1187.04,1
430.35,Debit,36,Doctor,1,354.9,5
230.32,Debit,35,Engineer,1,791.46,4
121.71,Debit,52,Retired,1,5878.89,3
98.87,Debit,20,Student,1,533.2,1
117.55,Debit,24,Student,1,897.94,1
244.64,Debit,30,Doctor,1,9159.56,5
321.93,Debit,45,Engineer,1,4392.73,0
1092.73,Debit,58,Retired,1,1390.98,3
283.23,Debit,40,Engineer,1,2008.77,0
346.65,Debit,30,Engineer,1,6356.96,4
381.62,Debit,64,Retired,1,6009.12,3
388.65,Debit,76,Retired,1,7896.85,3
29.22,Debit,24,Student,1,1649.43,1
46.75,Debit,67,Retired,1,2840.43,3
348.64,Debit,57,Retired,1,3274.96,3
319.17,Debit,73,Retired,1,6501.56,3
73.95,Debit,26,Student,1,363.92,1
389.63,Debit,27,Engineer,1,9748.48,4
217.61,Debit,19,Student,1,1404.53,1
199.84,Debit,21,Student,1,706.44,1
56.35,Debit,44,Doctor,1,5095.73,2
248.95,Credit,65,Retired,1,3059.79,3
142.58,Debit,33,Engineer,1,7844.23,4
1020.73,Debit,28,Student,1,1119.61,1
84.34,Debit,58,Retired,3,5313.97,3
1607.55,Debit,31,Engineer,1,6227.99,4
333.78,Debit,60,Retired,1,6810.94,3
332.59,Debit,55,Retired,1,1457.07,3
236.81,Debit,22,Student,1,813.68,1
417.8,Credit,27,Student,1,1518.82,1
319.27,Debit,50,Doctor,1,10269.78,2
384.1,Debit,42,Engineer,1,672.79,0
820.62,Credit,61,Doctor,1,6024.8,2
474.77,Credit,56,Engineer,1,2158.59,0
542.72,Credit,43,Doctor,1,6011.8,2
79.8,Debit,73,Retired,1,6372.58,3
46.24,Debit,57,Engineer,1,2569.56,0
327.8,Debit,61,Doctor,1,10585.48,2
445.79,Debit,52,Doctor,1,717.99,2
55.89,Debit,72,Retired,1,3689.65,3
158.41,Debit,28,Student,1,1512.16,1
101.19,Credit,64,Doctor,1,14389.45,2
827.14,Debit,36,Engineer,4,9800.21,4
61.97,Debit,74,Retired,1,7014.69,3
27.21,Debit,79,Retired,1,3520.61,3
173.74,Debit,80,Retired,1,4913.42,3
176.11,Debit,38,Engineer,1,9155.35,4
88.4,Debit,46,Engineer,1,2567.53,0
567.92,Debit,53,Retired,1,3779.47,3
138.11,Credit,68,Retired,1,4177.65,3
456.93,Credit,28,Engineer,1,7284.76,4
101.42,Debit,66,Retired,1,6530.59,3
300.61,Debit,44,Doctor,1,7895.54,2
265.94,Debit,54,Engineer,1,6781.3,0
345.54,Debit,29,Engineer,1,2091.78,4
411.52,Debit,41,Doctor,1,11108.39,2
111.21,Debit,35,Doctor,1,9088.36,5
316.37,Debit,53,Engineer,1,4671.69,0
260.63,Debit,37,Engineer,1,7534.73,4
92.36,Debit,29,Engineer,1,6353.14,4
262.06,Debit,63,Doctor,1,13587.52,2
64.5,Debit,74,Retired,1,1351.24,3
253.55,Debit,28,Engineer,5,2797.26,4
408.28,Credit,21,Student,3,1222.77,1
175.94,Debit,57,Retired,1,3728.04,3
199.47,Debit,57,Doctor,1,6067.44,2
51.07,Debit,63,Retired,1,4292.16,3
435.86,Debit,56,Retired,1,3801.82,3
74.73,Credit,64,Retired,1,6353.22,3
182.79,Credit,23,Student,1,1251.85,1
628.36,Debit,44,Doctor,1,11869.71,2
268.39,Debit,29,Doctor,1,9409.43,5
362.27,Debit,80,Retired,1,6003.59,3
560.15,Credit,50,Engineer,1,817.83,0
351.99,Debit,80,Retired,2,3663.64,3
132.36,Debit,28,Student,1,319.65,1
24.77,Credit,40,Engineer,1,478.23,0
668.67,Debit,44,Doctor,4,13446.81,2
80.24,Credit,53,Doctor,1,8012.81,2
8.65,Debit,68,Retired,1,4201.22,3
178.91,Debit,18,Student,1,8870.89,1
115.22,Debit,27,Engineer,1,906.2,4
161.63,Debit,46,Doctor,1,9286.37,2
542.75,Credit,70,Retired,1,2224.08,3
317.47,Credit,67,Doctor,1,14639.28,2
280.99,Debit,45,Engineer,1,9733.59,0
24.19,Debit,29,Engineer,1,2756.2,4
586.85,Debit,36,Doctor,1,6655.15,5
372.41,Debit,55,Retired,1,3233.87,3
63.17,Debit,20,Student,1,1676.57,1
383.69,Debit,54,Engineer,1,8371.11,0
247.17,Credit,65,Retired,1,2611.64,3
48.78,Credit,18,Student,1,552.06,1
4.15,Credit,60,Retired,1,6017.36,3
60.99,Debit,34,Engineer,1,7281.46,4
408.19,Debit,26,Engineer,1,6847.47,4
524.6,Debit,58,Doctor,1,13017.7,2
108.96,Debit,26,Student,1,7597.66,1
70.03,Debit,63,Retired,1,7330.31,3
124.84,Debit,52,Retired,1,6711.78,3
324.04,Debit,54,Retired,1,2248.06,3
39.69,Debit,70,Retired,1,3524.68,3
157.7,Credit,58,Engineer,1,8332.58,0
81.27,Credit,22,Student,1,1814.48,1
193.82,Debit,37,Engineer,1,3886.77,4
16.73,Debit,79,Retired,1,7591.13,3
474.05,Debit,57,Retired,1,1484.31,3
39.21,Debit,66,Doctor,4,9385.57,2
637.75,Debit,79,Retired,1,4202.92,3
153.59,Credit,66,Retired,1,4813.12,3
186.6,Debit,18,Student,1,9716.68,1
644.08,Debit,24,Student,1,1980.62,1
226.66,Debit,41,Doctor,1,10216.25,2
305.0,Debit,22,Student,1,944.83,1
233.1,Credit,42,Doctor,1,7469.2,2
793.13,Debit,68,Doctor,1,13389.16,2
224.19,Debit,52,Doctor,1,8475.47,2
214.83,Credit,23,Student,1,991.69,1
163.46,Credit,63,Retired,1,6953.8,3
194.99,Debit,34,Engineer,1,1370.03,4
23.4,Debit,46,Doctor,4,14851.28,2
227.5,Debit,34,Doctor,1,11505.35,5
259.9,Debit,26,Student,1,914.28,1
59.51,Credit,36,Doctor,1,9955.88,5
50.63,Debit,64,Retired,1,4732.81,3
1074.95,Debit,20,Student,1,530.86,1
112.94,Credit,73,Retired,1,3807.84,3
11.81,Debit,21,Student,1,320.25,1
329.14,Debit,55,Doctor,1,12033.92,2
154.24,Debit,61,Retired,1,6109.55,3
233.44,Debit,20,Student,1,1691.88,1
141.8,Debit,18,Student,1,1697.67,1
209.03,Debit,55,Engineer,1,8359.5,0
1137.63,Debit,26,Student,1,1629.12,1
261.14,Debit,42,Engineer,1,6100.08,0
101.81,Debit,45,Doctor,1,13872.03,2
98.71,Debit,32,Doctor,1,10095.23,5
87.38,Debit,21,Student,1,1504.99,1
83.39,Debit,32,Doctor,1,13182.11,5
267.55,Debit,46,Engineer,1,4330.04,0
870.05,Debit,29,Doctor,1,905.25,5
154.32,Credit,38,Engineer,1,6972.5,4
164.51,Debit,78,Retired,1,3553.69,3
758.12,Debit,69,Retired,1,6164.65,3
103.76,Debit,28,Engineer,1,9626.14,4
583.92,Debit,55,Engineer,1,6364.14,0
204.06,Debit,77,Retired,1,4351.83,3
53.51,Debit,56,Retired,1,5773.5,3
1108.46,Debit,30,Engineer,1,9257.04,4
52.95,Credit,68,Retired,1,6335.58,3
120.17,Debit,49,Doctor,1,5403.79,2
220.8,Debit,31,Engineer,1,8135.31,4
119.01,Debit,45,Doctor,1,9798.26,2
183.32,Debit,21,Student,1,137.42,1
858.88,Debit,60,Engineer,1,7015.46,0
11.46,Credit,41,Engineer,1,2356.71,0
61.37,Debit,75,Retired,1,4294.44,3
103.08,Credit,49,Engineer,1,9251.38,0
1.21,Debit,55,Retired,1,7542.74,3
425.18,Credit,26,Engineer,1,9880.71,4
60.96,Debit,52,Retired,1,6189.24,3
64.21,Debit,51,Doctor,1,12540.18,2
523.02,Debit,53,Retired,1,4586.11,3
50.26,Debit,65,Retired,1,1519.38,3
110.08,Debit,19,Student,1,1447.26,1
54.47,Credit,23,Student,1,1131.42,1
79.76,Debit,68,Doctor,1,10278.75,2
16.79,Credit,30,Doctor,1,535.15,5
1531.31,Debit,18,Student,4,859.86,1
68.62,Debit,29,Doctor,1,13891.47,5
157.16,Debit,20,Student,1,1545.77,1
643.38,Credit,18,Student,1,1046.74,1
328.34,Credit,42,Engineer,1,2840.45,0
72.68,Debit,69,Retired,1,6216.77,3
354.76,Debit,51,Doctor,1,10141.92,2
793.88,Credit,22,Student,1,1404.06,1
29.22,Debit,27,Engineer,1,7795.79,4
653.97,Debit,37,Engineer,1,3886.65,4
366.43,Credit,21,Student,1,1560.45,1
120.86,Debit,33,Doctor,4,13566.58,5
233.74,Debit,72,Retired,1,4749.54,3
471.84,Debit,18,Student,1,1044.33,1
213.4,Credit,73,Retired,1,2012.24,3
254.21,Debit,48,Engineer,1,2487.2,0
577.73,Debit,37,Doctor,1,14977.99,5
170.26,Debit,27,Student,1,1969.48,1
337.73,Debit,78,Retired,4,7001.2,3
330.61,Credit,64,Retired,1,2525.25,3
132.33,Credit,35,Engineer,1,7457.94,4
672.74,Credit,46,Engineer,1,5386.52,0
74.04,Debit,18,Student,1,1690.23,1
197.18,Debit,28,Engineer,1,3114.92,4
21.15,Debit,70,Retired,1,3466.74,3
218.37,Debit,62,Doctor,1,9942.24,2
590.01,Debit,29,Doctor,3,9791.74,5
697.82,Debit,44,Engineer,1,6824.0,0
302.76,Debit,38,Engineer,3,8583.39,4
148.0,Debit,20,Student,1,1488.65,1
22.26,Debit,19,Student,1,5583.88,1
0.86,Debit,25,Student,1,1357.22,1
757.1,Debit,65,Doctor,1,10553.23,2
38.81,Credit,25,Student,1,1619.6,1
76.51,Credit,49,Engineer,4,9475.4,0
32.46,Debit,31,Doctor,1,8656.18,5
1022.75,Credit,62,Doctor,1,207.74,2
20.64,Debit,22,Student,1,949.38,1
662.11,Debit,23,Student,1,1996.38,1
288.77,Debit,55,Engineer,1,8836.51,0
35.05,Debit,30,Doctor,1,14330.47,5
214.73,Credit,46,Doctor,1,5368.42,2
25.38,Debit,57,Engineer,1,8616.05,0
617.66,Debit,41,Engineer,1,5906.58,0
446.39,Debit,63,Retired,1,7863.6,3
377.92,Debit,33,Engineer,1,2254.71,4
11.04,Debit,30,Engineer,1,6983.04,4
275.46,Debit,36,Doctor,1,9697.75,5
179.76,Debit,78,Retired,1,5909.52,3
32.34,Debit,44,Doctor,1,7847.62,2
273.92,Debit,79,Retired,1,4543.56,3
375.45,Debit,19,Student,1,1307.23,1
388.98,Debit,23,Student,1,1819.91,1
492.84,Debit,25,Student,1,577.67,1
148.85,Debit,57,Doctor,1,7802.36,2
119.95,Credit,62,Retired,5,2596.61,3
391.66,Debit,50,Engineer,1,2406.31,0
185.99,Credit,41,Engineer,1,402.45,0
322.48,Debit,27,Student,1,1238.43,1
20.27,Debit,18,Student,1,796.35,1
280.61,Debit,47,Engineer,3,7888.76,0
199.02,Debit,61,Retired,1,4658.89,3
104.23,Credit,63,Retired,1,5009.29,3
353.59,Credit,52,Retired,5,1822.34,3
55.86,Debit,39,Engineer,1,5346.46,0
10.77,Debit,31,Doctor,1,10704.95,5
95.55,Debit,33,Engineer,1,2434.74,4
477.07,Debit,27,Engineer,1,6568.07,4
9.1,Credit,52,Retired,1,2791.45,3
21.41,Debit,57,Doctor,1,658.91,2
278.28,Debit,28,Student,1,1346.88,1
388.1,Credit,73,Retired,1,3022.12,3
215.39,Debit,27,Student,1,1582.55,1
194.37,Debit,66,Doctor,1,14395.88,2
37.7,Debit,20,Student,1,1741.1,1
19.59,Debit,64,Retired,1,1061.69,3
81.35,Debit,41,Engineer,1,7192.45,0
314.54,Credit,58,Engineer,1,9923.45,0
466.64,Debit,58,Doctor,1,10915.11,2
397.01,Debit,22,Student,1,719.52,1
472.48,Debit,55,Engineer,1,7128.82,0
67.15,Debit,59,Doctor,1,9028.49,2
102.67,Debit,79,Retired,1,4656.94,3
460.09,Credit,35,Doctor,3,6990.64,5
453.49,Debit,66,Doctor,1,6366.43,2
267.17,Debit,26,Student,1,1382.62,1
111.26,Debit,66,Doctor,1,14350.11,2
121.17,Debit,68,Doctor,1,12990.77,2
213.28,Debit,51,Retired,1,4835.91,3
187.88,Debit,60,Engineer,1,2154.58,0
471.88,Credit,34,Doctor,1,14833.34,5
83.79,Debit,57,Engineer,1,5061.3,0
212.14,Debit,72,Retired,1,7225.06,3
99.16,Debit,79,Retired,1,2607.58,3
839.33,Credit,60,Doctor,1,11538.97,2
29.91,Credit,76,Retired,3,2834.84,3
4.24,Debit,38,Engineer,1,7822.73,4
50.29,Credit,58,Doctor,1,7604.9,2
135.85,Debit,57,Retired,1,1480.39,3
368.53,Debit,68,Doctor,1,13696.31,2
17.95,Credit,64,Doctor,1,12344.9,2
127.8,Credit,31,Engineer,1,8630.99,4
16.73,Debit,45,Engineer,1,2202.62,0
317.12,Debit,44,Doctor,1,14409.74,2
476.63,Debit,79,Retired,1,4894.25,3
156.58,Debit,24,Student,1,8981.61,1
55.12,Credit,34,Engineer,1,3791.99,4
15.74,Debit,27,Student,1,690.16,1
353.68,Debit,70,Retired,1,6777.12,3
297.15,Debit,76,Retired,1,5449.37,3
647.85,Debit,36,Doctor,1,13779.97,5
75.04,Debit,49,Engineer,1,9648.6,0
273.92,Debit,28,Student,1,1029.15,1
215.8,Credit,51,Retired,1,3656.62,3
963.77,Debit,41,Engineer,1,6710.51,0
420.6,Debit,26,Student,1,1778.75,1
688.36,Credit,23,Student,1,5191.13,1
285.18,Credit,55,Doctor,1,14847.97,2
213.55,Debit,63,Doctor,1,5238.37,2
463.11,Credit,51,Doctor,1,10238.82,2
150.03,Debit,73,Retired,1,7491.42,3
428.61,Debit,51,Retired,1,2116.36,3
309.56,Debit,58,Doctor,1,972.04,2
377.08,Credit,26,Student,1,6430.86,1
77.25,Debit,68,Doctor,1,14077.97,2
146.92,Debit,64,Retired,1,3990.6,3
126.6,Debit,22,Student,1,961.65,1
101.34,Debit,24,Student,1,703.26,1
184.97,Debit,58,Doctor,1,1156.67,2
451.15,Debit,46,Engineer,1,1356.47,0
516.47,Credit,25,Student,1,1305.06,1
880.04,Debit,25,Student,1,261.97,1
353.69,Debit,59,Engineer,1,9500.79,0
66.69,Credit,25,Student,1,1210.33,1
95.75,Debit,31,Engineer,1,337.62,4
43.91,Debit,27,Student,1,1806.68,1
98.03,Debit,54,Engineer,1,6323.45,0
617.66,Debit,42,Engineer,1,7155.95,0
888.57,Debit,62,Retired,1,7896.14,3
107.48,Debit,22,Student,1,591.23,1
36.57,Debit,62,Retired,1,2583.07,3
575.62,Debit,43,Doctor,1,234.41,2
84.89,Debit,37,Engineer,1,4735.61,4
832.3,Credit,69,Retired,1,6617.52,3
180.65,Debit,22,Student,5,816.01,1
7.76,Credit,52,Retired,1,7393.11,3
109.3,Debit,56,Doctor,1,13510.11,2
230.08,Debit,79,Retired,1,4466.1,3
361.92,Debit,54,Retired,1,7474.31,3
71.29,Debit,68,Retired,2,7225.63,3
122.45,Debit,46,Doctor,1,7255.49,2
642.53,Debit,65,Doctor,1,11417.91,2
62.86,Debit,25,Student,1,1040.43,1
175.21,Credit,69,Doctor,1,6039.04,2
168.0,Credit,32,Engineer,1,3498.58,4
11.46,Debit,67,Retired,1,6628.75,3
382.07,Credit,62,Doctor,1,10156.09,2
13.48,Debit,18,Student,3,521.88,1
65.32,Debit,28,Student,1,9165.02,1
83.07,Debit,27,Engineer,4,6704.76,4
730.1,Credit,77,Retired,1,6384.05,3
85.31,Debit,62,Retired,1,6095.65,3
726.61,Debit,18,Student,1,1008.76,1
130.4,Debit,45,Engineer,1,4381.24,0
68.1,Debit,20,Student,1,1382.8,1
65.26,Debit,26,Student,1,7380.63,1
191.62,Debit,63,Doctor,1,1981.67,2
212.88,Debit,39,Doctor,1,7036.72,2
88.38,Debit,30,Engineer,1,3707.82,4
48.77,Credit,42,Engineer,1,2040.16,0
289.1,Debit,27,Student,1,267.53,1
390.09,Debit,26,Engineer,1,2617.23,4
48.29,Debit,37,Engineer,1,8883.4,4
333.83,Debit,63,Retired,1,1660.66,3
1074.29,Debit,67,Retired,1,2011.6,3
100.27,Debit,79,Retired,1,4309.9,3
44.54,Debit,31,Engineer,1,362.4,4
1156.18,Credit,52,Doctor,1,836.69,2
82.17,Debit,28,Student,1,1913.06,1
1045.45,Debit,19,Student,1,563.46,1
447.42,Debit,32,Engineer,1,6133.22,4
590.26,Credit,25,Student,1,1068.28,1
192.73,Debit,71,Retired,1,2037.75,3
146.01,Debit,26,Student,1,221.79,1
136.05,Debit,24,Student,3,1127.54,1
11.57,Credit,56,Retired,1,2061.61,3
102.34,Debit,51,Doctor,1,9326.28,2
7.82,Debit,36,Engineer,1,2240.49,4
79.43,Debit,74,Retired,1,6579.37,3
386.97,Debit,58,Retired,1,1876.35,3
51.22,Debit,23,Student,1,1664.59,1
256.05,Debit,54,Retired,1,6910.18,3
7.79,Debit,34,Doctor,1,1319.85,5
233.71,Debit,63,Doctor,1,6095.5,2
176.37,Debit,55,Retired,1,2420.86,3
122.63,Debit,21,Student,1,359.06,1
86.41,Debit,75,Retired,1,3128.71,3
21.57,Debit,54,Retired,1,7587.48,3
82.67,Debit,26,Student,1,290.59,1
451.35,Credit,47,Engineer,1,7707.96,0
299.42,Credit,63,Retired,1,4735.41,3
543.47,Debit,18,Student,1,6165.03,1
346.76,Credit,21,Student,1,1637.75,1
47.48,Debit,24,Student,1,585.52,1
64.92,Debit,58,Engineer,1,5481.76,0
350.72,Credit,28,Student,1,1982.9,1
3.8,Debit,65,Doctor,1,5766.96,2
22.54,Debit,26,Engineer,1,7139.11,4
767.14,Credit,62,Retired,1,4732.57,3
167.47,Debit,35,Engineer,1,2293.13,4
43.65,Credit,30,Engineer,1,2870.67,4
391.08,Debit,56,Retired,1,6885.16,3
390.77,Debit,44,Doctor,1,5500.56,2
508.16,Debit,39,Engineer,1,5609.44,0
36.76,Credit,65,Retired,1,1228.93,3
332.33,Debit,27,Student,1,192.63,1
362.09,Debit,32,Engineer,1,6590.28,4
42.58,Debit,30,Doctor,1,13485.0,5
122.35,Credit,53,Retired,1,6472.5,3
248.66,Debit,28,Engineer,1,2571.39,4
461.25,Credit,54,Doctor,1,676.1,2
61.77,Debit,56,Doctor,1,12352.2,2
268.92,Debit,29,Engineer,1,8765.38,4
303.97,Debit,24,Student,5,1590.88,1
219.02,Credit,54,Engineer,1,7375.73,0
125.14,Debit,20,Student,1,1845.18,1
47.6,Debit,53,Engineer,1,1382.51,0
592.82,Debit,74,Retired,1,7508.98,3
372.5,Debit,22,Student,1,3901.82,1
4.72,Debit,32,Engineer,1,4792.01,4
144.93,Debit,42,Engineer,1,6887.52,0
316.56,Debit,28,Engineer,1,8643.51,4
9.18,Debit,22,Student,1,887.32,1
421.25,Debit,25,Student,1,7174.69,1
185.71,Debit,48,Engineer,1,2679.91,0
1432.02,Debit,60,Retired,1,4315.07,3
26.27,Credit,45,Engineer,1,8853.93,0
297.03,Debit,61,Retired,1,1088.62,3
341.67,Debit,53,Retired,5,1442.29,3
99.52,Debit,52,Engineer,1,3798.09,0
881.1,Debit,28,Student,1,9951.68,1
139.69,Debit,52,Engineer,1,9567.94,0
42.72,Debit,37,Engineer,1,2669.66,4
112.72,Debit,31,Doctor,1,9630.0,5
568.88,Debit,19,Student,1,1307.86,1
189.03,Debit,28,Student,1,1916.46,1
199.8,Debit,20,Student,1,167.28,1
189.08,Debit,68,Doctor,1,10790.8,2
958.9,Debit,31,Engineer,1,9977.49,4
409.59,Debit,35,Doctor,1,14563.02,5
349.34,Credit,28,Student,1,614.14,1
283.15,Debit,24,Student,1,603.79,1
151.82,Debit,51,Retired,1,2197.12,3
438.59,Debit,37,Engineer,1,8994.39,4
590.57,Debit,79,Retired,1,3224.6,3
63.74,Debit,63,Retired,1,4336.4,3
77.02,Credit,59,Doctor,1,800.83,2
501.15,Debit,47,Engineer,1,8821.84,0
917.81,Debit,64,Retired,2,3173.17,3
8.95,Debit,76,Retired,1,3299.84,3
173.6,Debit,21,Student,1,421.44,1
149.4,Debit,53,Retired,1,1035.22,3
388.21,Credit,53,Doctor,1,9724.49,2
484.3,Credit,61,Retired,3,7910.3,3
126.04,Credit,65,Retired,1,6041.69,3
52.04,Credit,50,Doctor,1,8436.12,2
389.7,Credit,62,Doctor,1,7125.15,2
161.1,Credit,19,Student,1,239.12,1
309.77,Credit,67,Retired,1,4378.14,3
838.57,Debit,41,Doctor,1,14576.47,2
202.55,Debit,21,Student,2,701.73,1
724.18,Debit,41,Doctor,1,10922.78,2
124.98,Debit,24,Student,1,642.0,1
487.32,Debit,52,Doctor,1,7707.96,2
635.91,Credit,46,Doctor,1,13267.09,2
205.65,Debit,62,Retired,1,3582.16,3
39.41,Debit,25,Student,1,921.91,1
254.0,Debit,35,Doctor,1,5788.53,5
436.8,Debit,36,Engineer,1,4515.43,4
224.73,Debit,76,Retired,1,7551.89,3
752.69,Credit,65,Doctor,1,14489.69,2
78.5,Credit,31,Doctor,1,13991.5,5
50.0,Credit,53,Doctor,1,185.87,2
132.42,Debit,18,Student,1,726.39,1
11.67,Debit,76,Retired,1,7458.63,3
83.16,Debit,61,Retired,1,3065.87,3
149.02,Credit,46,Engineer,1,9379.72,0
74.27,Credit,59,Doctor,1,13696.61,2
876.57,Credit,62,Retired,1,3743.63,3
615.58,Debit,42,Doctor,1,14343.0,2
643.03,Credit,36,Engineer,1,2882.16,4
7.95,Debit,79,Retired,1,5631.2,3
270.92,Credit,77,Retired,1,4574.43,3
499.48,Debit,24,Student,1,1242.62,1
841.5,Credit,25,Student,1,352.31,1
138.82,Debit,77,Retired,1,3100.22,3
231.46,Credit,60,Engineer,1,4707.24,0
292.08,Debit,72,Retired,1,7950.48,3
63.98,Debit,54,Doctor,1,7954.12,2
235.21,Debit,67,Doctor,1,5946.61,2
201.73,Debit,57,Engineer,1,6650.71,0
161.31,Debit,28,Student,1,1268.67,1
18.41,Debit,53,Doctor,1,8287.54,2
471.75,Credit,34,Doctor,1,12948.5,5
290.02,Debit,55,Engineer,1,4746.71,0
48.05,Debit,27,Engineer,1,5334.97,4
359.42,Debit,55,Doctor,1,1765.45,2
32.91,Debit,19,Student,1,427.3,1
3.8,Debit,67,Retired,1,6285.39,3
31.81,Debit,51,Retired,1,1406.6,3
220.2,Debit,28,Student,1,1075.15,1
476.03,Credit,77,Retired,1,5958.34,3
141.91,Debit,23,Student,1,791.97,1
95.83,Debit,27,Student,1,1726.4,1
51.15,Credit,46,Engineer,1,8992.25,0
1192.2,Credit,60,Retired,5,7816.41,3
50.75,Debit,62,Doctor,1,8271.47,2
185.07,Debit,22,Student,1,636.42,1
293.54,Debit,40,Engineer,1,2290.1,0
23.38,Debit,32,Engineer,1,9968.49,4
285.26,Debit,28,Student,1,167.72,1
129.48,Debit,31,Engineer,1,7581.7,4
743.03,Debit,50,Engineer,1,4111.38,0
297.86,Credit,28,Student,1,1680.14,1
231.92,Debit,66,Doctor,1,5715.08,2
295.82,Credit,47,Engineer,1,5897.73,0
302.86,Debit,55,Doctor,1,5239.24,2
81.08,Debit,58,Engineer,1,7788.91,0
775.6,Credit,79,Retired,1,3898.64,3
178.43,Debit,26,Student,1,1214.93,1
211.91,Debit,20,Student,1,927.47,1
17.21,Debit,23,Student,1,914.16,1
124.22,Debit,23,Student,1,9695.04,1
38.37,Debit,63,Doctor,1,8647.04,2
269.79,Debit,52,Engineer,1,1292.1,0
605.42,Debit,21,Student,1,392.34,1
11.19,Debit,60,Engineer,1,9877.17,0
29.19,Credit,58,Doctor,1,12059.85,2
701.7,Credit,61,Retired,1,6643.24,3
862.34,Debit,57,Doctor,1,9903.48,2
410.97,Debit,22,Student,1,151.42,1
36.97,Debit,41,Engineer,1,2850.92,0
137.59,Debit,30,Doctor,1,10679.67,5
168.11,Credit,51,Doctor,1,10652.13,2
430.98,Debit,24,Student,1,569.25,1
13.87,Debit,24,Student,1,954.83,1
642.68,Debit,76,Retired,1,1831.2,3
175.07,Debit,28,Engineer,2,9274.64,4
302.82,Debit,36,Engineer,1,9384.54,4
1647.74,Debit,67,Retired,1,1483.84,3
406.81,Debit,66,Retired,1,1968.36,3
256.3,Debit,53,Retired,1,4203.05,3
80.96,Credit,19,Student,1,959.94,1
95.78,Debit,22,Student,1,271.64,1
379.54,Credit,41,Doctor,1,12571.76,2
903.19,Debit,22,Student,1,8627.08,1
142.19,Debit,18,Student,4,524.46,1
847.45,Debit,28,Student,1,422.32,1
295.18,Credit,66,Doctor,1,12961.53,2
18.46,Debit,68,Retired,1,6381.6,3
603.23,Debit,28,Student,1,117.98,1
54.5,Credit,57,Retired,1,1715.22,3
414.77,Debit,29,Doctor,1,5599.81,5
886.19,Debit,61,Retired,1,7904.24,3
440.03,Debit,49,Engineer,1,1490.44,0
35.46,Debit,56,Retired,1,1532.72,3
76.39,Debit,18,Student,1,5976.0,1
595.91,Credit,19,Student,1,1673.76,1
6.03,Debit,76,Retired,1,3290.72,3
249.34,Debit,26,Engineer,1,3030.97,4
421.52,Debit,20,Student,1,369.86,1
189.77,Debit,58,Engineer,1,6570.36,0
73.19,Debit,76,Retired,1,2264.98,3
188.13,Credit,75,Retired,1,5029.87,3
30.52,Debit,62,Doctor,1,12327.74,2
1235.69,Credit,20,Student,1,420.25,1
1159.39,Debit,41,Doctor,1,6499.53,2
170.24,Debit,62,Retired,1,5172.99,3
56.62,Debit,54,Doctor,1,8981.1,2
53.14,Debit,34,Doctor,1,7915.0,5
587.23,Debit,27,Student,1,500.84,1
146.15,Debit,43,Doctor,1,13784.4,2
21.27,Credit,62,Retired,1,7392.79,3
1397.59,Credit,26,Student,1,1134.79,1
76.02,Credit,34,Doctor,1,14765.41,5
170.19,Credit,27,Student,5,745.87,1
155.51,Debit,68,Doctor,1,5360.19,2
135.15,Debit,72,Retired,1,5878.14,3
39.48,Debit,56,Retired,1,5889.51,3
451.68,Debit,33,Engineer,1,4381.54,4
19.11,Credit,49,Engineer,1,8478.46,0
355.0,Credit,26,Student,1,185.47,1
427.69,Debit,43,Engineer,1,2443.54,0
254.86,Debit,23,Student,1,699.9,1
19.48,Debit,27,Engineer,1,4739.59,4
190.17,Debit,49,Doctor,1,12893.85,2
91.38,Debit,65,Retired,1,2402.58,3
206.63,Credit,59,Retired,1,7626.53,3
93.22,Debit,52,Retired,1,1014.63,3
547.98,Debit,28,Student,1,1358.54,1
641.06,Debit,23,Student,1,1602.13,1
314.55,Credit,27,Student,2,1105.89,1
836.45,Debit,61,Retired,1,1731.89,3
1095.09,Debit,29,Engineer,1,8692.47,4
189.45,Credit,53,Doctor,1,12578.75,2
91.84,Credit,67,Retired,1,1712.41,3
609.52,Debit,78,Retired,1,3485.03,3
859.3,Credit,78,Retired,1,1146.78,3
100.01,Debit,50,Doctor,1,6393.12,2
28.78,Credit,40,Doctor,1,680.55,2
111.08,Debit,70,Doctor,1,7037.34,2
470.96,Credit,69,Doctor,2,12991.03,2
52.23,Credit,28,Student,1,105.01,1
78.62,Debit,32,Doctor,1,1360.85,5
47.79,Debit,25,Student,1,1649.92,1
333.97,Debit,52,Doctor,1,5237.36,2
30.87,Debit,33,Doctor,1,14348.65,5
710.43,Debit,67,Retired,1,5625.55,3
220.23,Debit,41,Engineer,1,3438.02,0
27.28,Debit,29,Doctor,1,10668.24,5
101.52,Debit,49,Engineer,1,2018.9,0
162.65,Debit,59,Engineer,1,9500.95,0
10.52,Debit,55,Retired,1,2472.99,3
270.72,Debit,38,Doctor,1,6522.47,5
202.34,Debit,20,Student,1,1223.45,1
247.58,Debit,39,Engineer,1,778.74,0
686.17,Debit,61,Retired,1,2246.15,3
359.65,Credit,25,Student,1,219.53,1
109.91,Debit,38,Doctor,1,12896.06,5
215.72,Credit,30,Engineer,1,8697.11,4
490.76,Debit,66,Retired,1,6414.11,3
224.28,Debit,64,Retired,1,5767.51,3
614.03,Debit,68,Retired,1,2815.86,3
608.79,Debit,55,Engineer,1,2991.17,0
186.55,Debit,48,Engineer,1,224.65,0
840.16,Credit,20,Student,1,1236.76,1
203.34,Debit,60,Doctor,1,13586.99,2
90.88,Debit,26,Engineer,1,7117.35,4
60.11,Credit,61,Retired,1,7235.87,3
393.92,Debit,72,Retired,1,7318.64,3
19.39,Debit,43,Doctor,1,9847.6,2
557.41,Credit,80,Retired,1,2968.75,3
57.07,Credit,31,Doctor,1,9323.71,5
395.27,Credit,18,Student,1,1764.08,1
289.05,Debit,75,Retired,1,5683.49,3
46.11,Debit,33,Doctor,1,5225.73,5
335.5,Debit,63,Retired,1,6445.4,3
388.07,Debit,24,Student,1,289.71,1
520.86,Credit,51,Engineer,1,9200.74,0
787.41,Debit,25,Student,1,300.87,1
31.7,Credit,48,Doctor,1,743.9,2
22.3,Debit,21,Student,1,1200.35,1
203.12,Debit,56,Retired,1,1562.39,3
315.94,Credit,49,Doctor,1,7719.71,2
192.23,Debit,54,Engineer,3,2610.67,0
1510.71,Debit,66,Retired,1,2060.02,3
0.26,Debit,20,Student,1,1833.67,1
210.77,Debit,71,Retired,1,5396.65,3
406.65,Debit,57,Doctor,1,12995.7,2
422.9,Debit,40,Engineer,1,7616.43,0
20.62,Credit,35,Doctor,1,12500.8,5
174.39,Debit,19,Student,1,1127.08,1
7.86,Credit,76,Retired,1,3621.98,3
61.98,Debit,49,Engineer,1,5212.28,0
54.85,Credit,58,Retired,1,2727.45,3
204.7,Debit,49,Doctor,5,5117.03,2
16.55,Debit,26,Engineer,1,6089.79,4
91.32,Debit,58,Engineer,1,2618.1,0
195.49,Debit,31,Doctor,1,11988.12,5
49.62,Debit,55,Engineer,1,3841.42,0
487.16,Credit,28,Student,1,321.21,1
405.6,Debit,37,Engineer,1,9754.73,4
512.95,Debit,57,Engineer,1,9584.52,0
345.94,Debit,31,Doctor,1,7624.56,5
356.56,Debit,47,Engineer,1,2485.73,0
10.31,Debit,36,Engineer,1,2137.9,4
211.69,Debit,30,Doctor,1,6412.85,5
221.49,Credit,23,Student,1,707.25,1
278.23,Debit,48,Engineer,1,8300.54,0
116.88,Debit,45,Doctor,1,7717.34,2
328.77,Credit,39,Doctor,1,6967.03,2
77.53,Debit,54,Retired,1,5158.6,3
421.74,Debit,67,Doctor,1,12031.14,2
313.69,Debit,73,Retired,1,7093.68,3
411.72,Debit,29,Doctor,1,8539.86,5
508.73,Debit,59,Retired,1,7640.57,3
153.08,Debit,24,Student,1,1292.21,1
23.01,Debit,63,Retired,1,5958.75,3
69.28,Debit,25,Student,1,708.74,1
51.25,Credit,28,Student,1,1744.4,1
407.65,Debit,25,Student,1,273.78,1
459.25,Debit,25,Student,1,130.76,1
301.56,Debit,49,Doctor,1,10389.6,2
17.67,Debit,63,Doctor,1,1048.18,2
5.29,Credit,32,Doctor,1,12896.68,5
401.37,Debit,43,Engineer,1,8208.54,0
145.4,Debit,38,Engineer,1,5244.49,4
556.34,Debit,37,Doctor,1,11935.14,5
34.31,Debit,24,Student,1,1484.76,1
780.59,Credit,23,Student,1,6513.34,1
282.65,Debit,35,Doctor,1,13801.15,5
305.27,Debit,68,Doctor,1,12958.65,2
185.81,Debit,32,Doctor,1,9588.71,5
66.01,Debit,49,Engineer,1,3475.99,0
447.95,Debit,29,Engineer,1,7544.4,4
279.3,Debit,19,Student,1,1193.61,1
26.75,Debit,33,Doctor,1,12063.77,5
611.15,Debit,27,Student,1,892.83,1
275.2,Debit,54,Engineer,1,1230.12,0
427.79,Debit,18,Student,1,1479.67,1
469.13,Credit,54,Doctor,1,1265.28,2
102.81,Debit,76,Retired,1,3228.87,3
22.61,Debit,19,Student,1,1111.67,1
68.28,Debit,56,Engineer,1,3213.16,0
33.65,Credit,63,Doctor,1,12719.93,2
362.68,Credit,63,Retired,1,2040.77,3
73.23,Debit,20,Student,1,1309.85,1
654.49,Credit,25,Student,1,164.61,1
18.56,Credit,49,Engineer,1,4230.37,0
389.05,Debit,27,Student,1,761.0,1
7.38,Debit,67,Retired,1,2923.83,3
109.48,Debit,61,Retired,1,7372.47,3
66.91,Debit,39,Doctor,1,871.1,2
335.48,Debit,45,Engineer,1,3023.16,0
38.14,Debit,19,Student,1,1119.21,1
1076.98,Debit,60,Doctor,1,11833.73,2
360.02,Debit,68,Retired,1,6400.59,3
567.71,Debit,63,Doctor,1,13884.24,2
218.19,Debit,19,Student,1,620.83,1
209.99,Debit,19,Student,1,1938.01,1
11.02,Debit,19,Student,1,964.79,1
83.43,Debit,56,Retired,1,1870.16,3
344.97,Debit,34,Doctor,1,5577.94,5
172.29,Debit,36,Engineer,1,8700.8,4
195.54,Debit,60,Retired,1,2794.66,3
101.23,Debit,45,Engineer,1,6169.71,0
180.46,Debit,25,Student,1,831.75,1
692.55,Debit,53,Retired,1,2451.56,3
147.31,Credit,34,Doctor,1,13625.52,5
107.48,Debit,20,Student,1,1379.39,1
1831.02,Credit,62,Doctor,1,11498.01,2
81.51,Debit,25,Student,1,865.49,1
365.48,Credit,76,Retired,1,7147.4,3
491.1,Credit,35,Engineer,1,7833.85,4
452.8,Debit,80,Retired,1,4840.67,3
645.04,Debit,70,Retired,1,7361.47,3
169.28,Debit,45,Doctor,1,5128.44,2
88.42,Debit,62,Doctor,1,12381.45,2
155.53,Debit,29,Engineer,1,4008.05,4
991.82,Debit,43,Engineer,1,3493.13,0
39.24,Debit,77,Retired,1,6462.41,3
152.01,Debit,42,Engineer,3,4625.12,0
78.77,Credit,48,Engineer,1,6470.57,0
26.5,Debit,48,Engineer,1,4854.83,0
83.62,Debit,48,Doctor,1,12652.22,2
142.78,Debit,68,Doctor,1,11705.88,2
55.99,Debit,35,Doctor,1,932.61,5
774.48,Debit,61,Doctor,1,11613.58,2
105.37,Debit,25,Student,1,1068.55,1
118.83,Debit,28,Student,1,1616.3,1
46.22,Debit,23,Student,1,471.28,1
659.71,Credit,21,Student,1,106.86,1
377.97,Debit,72,Retired,1,2457.1,3
114.1,Debit,69,Retired,1,5882.12,3
11.3,Credit,55,Retired,1,1938.99,3
95.5,Debit,57,Retired,1,4079.09,3
130.93,Credit,28,Engineer,1,860.12,4
272.97,Debit,68,Retired,1,7811.31,3
73.35,Debit,24,Student,1,1181.84,1
29.94,Debit,58,Doctor,1,10915.54,2
307.24,Debit,19,Student,2,1670.72,1
50.52,Debit,20,Student,1,1121.19,1
820.46,Credit,53,Engineer,1,5621.86,0
153.07,Debit,56,Engineer,1,8873.43,0
52.94,Debit,41,Doctor,1,6990.92,2
384.41,Debit,60,Engineer,1,7831.56,0
235.42,Debit,51,Retired,1,6173.23,3
114.23,Debit,56,Doctor,1,9523.72,2
12.62,Debit,33,Doctor,1,6420.47,5
997.37,Debit,23,Student,1,1146.09,1
373.52,Debit,35,Engineer,1,6430.41,4
336.05,Debit,28,Student,1,1635.05,1
366.93,Debit,66,Retired,1,6697.79,3
112.27,Debit,58,Doctor,1,7369.89,2
494.96,Debit,40,Engineer,1,6903.68,0
561.58,Debit,65,Doctor,1,11748.86,2
440.94,Debit,42,Doctor,1,7303.23,2
71.9,Debit,29,Doctor,1,10619.35,5
256.66,Credit,54,Retired,1,1794.5,3
166.55,Credit,59,Doctor,1,12970.21,2
276.26,Debit,56,Doctor,1,120.89,2
35.46,Debit,67,Doctor,1,5692.31,2
38.14,Debit,50,Engineer,1,9879.87,0
506.26,Credit,64,Retired,1,6266.65,3
736.32,Debit,31,Doctor,1,14268.95,5
389.43,Credit,52,Engineer,1,6449.83,0
25.58,Debit,60,Engineer,1,6741.41,0
446.1,Debit,25,Student,1,1008.44,1
147.74,Debit,23,Student,1,1711.78,1
1228.81,Debit,26,Student,1,1821.0,1
46.23,Debit,77,Retired,1,5107.75,3
265.37,Debit,33,Engineer,1,5229.95,4
342.57,Debit,20,Student,1,339.16,1
417.26,Credit,32,Doctor,1,10442.48,5
33.63,Debit,63,Retired,1,4324.4,3
64.58,Debit,55,Retired,1,6292.29,3
23.23,Credit,21,Student,1,269.01,1
160.52,Credit,78,Retired,1,5379.25,3
278.88,Debit,64,Doctor,2,1334.09,2
285.49,Credit,53,Doctor,1,6366.84,2
71.87,Debit,22,Student,1,1839.1,1
308.8,Debit,53,Retired,1,3966.54,3
135.35,Debit,33,Engineer,1,9983.36,4
288.43,Debit,66,Retired,1,4577.09,3
147.46,Credit,65,Doctor,1,7458.03,2
214.15,Debit,32,Engineer,1,6397.29,4
71.34,Debit,49,Engineer,3,6345.03,0
170.36,Debit,30,Doctor,1,6034.73,5
965.66,Debit,53,Engineer,1,765.81,0
736.53,Debit,55,Engineer,1,9826.26,0
213.42,Debit,45,Engineer,1,3736.38,0
94.09,Debit,27,Student,1,646.85,1
91.23,Debit,72,Retired,1,6385.12,3
263.92,Credit,57,Retired,1,4161.71,3
77.5,Credit,51,Doctor,1,11079.77,2
3.65,Debit,69,Doctor,1,10017.11,2
43.88,Credit,26,Student,1,1644.09,1
591.98,Debit,28,Student,1,387.65,1
224.79,Debit,18,Student,1,528.38,1
64.3,Debit,55,Retired,1,7530.3,3
111.79,Debit,62,Doctor,1,10887.59,2
927.16,Debit,59,Retired,1,7104.61,3
613.7,Credit,61,Retired,1,7307.11,3
26.07,Debit,20,Student,3,349.98,1
170.45,Debit,60,Engineer,1,2284.41,0
344.27,Debit,22,Student,1,1918.36,1
872.72,Debit,22,Student,1,503.01,1
292.95,Debit,37,Engineer,1,1216.91,4
28.44,Debit,18,Student,1,1071.04,1
209.02,Debit,21,Student,1,187.9,1
20.05,Debit,72,Retired,1,7145.67,3
175.02,Debit,28,Student,1,1493.88,1
89.5,Credit,41,Engineer,1,8658.95,0
69.96,Debit,28,Student,1,164.12,1
146.51,Debit,53,Engineer,1,7089.9,0
376.78,Credit,21,Student,1,841.65,1
148.54,Credit,71,Retired,1,5677.05,3
388.77,Credit,26,Student,1,1658.49,1
100.38,Debit,63,Doctor,1,10171.68,2
137.23,Debit,64,Doctor,1,13847.99,2
870.3,Debit,51,Retired,1,3688.98,3
458.94,Debit,52,Engineer,1,5619.95,0
327.35,Credit,20,Student,1,342.08,1
757.15,Debit,53,Engineer,1,4702.86,0
5.64,Debit,59,Doctor,1,12703.24,2
47.23,Credit,73,Retired,1,6659.81,3
239.41,Credit,42,Doctor,1,7860.65,2
7.48,Debit,55,Engineer,1,1275.2,0
170.97,Debit,26,Student,1,1265.27,1
262.43,Credit,37,Doctor,5,12841.01,5
659.15,Debit,22,Student,1,1241.59,1
31.53,Debit,25,Student,1,874.93,1
111.66,Credit,48,Engineer,1,5716.72,0
250.01,Debit,62,Retired,1,1541.48,3
554.15,Debit,49,Doctor,1,14817.22,2
598.66,Credit,32,Engineer,1,2587.11,4
28.38,Debit,55,Doctor,1,173.7,2
16.8,Debit,49,Doctor,1,11847.07,2
896.79,Debit,33,Doctor,1,11146.74,5
159.0,Debit,49,Engineer,1,369.79,0
56.31,Credit,75,Retired,1,6396.08,3
203.99,Debit,52,Retired,1,4840.31,3
50.99,Debit,29,Doctor,1,1334.6,5
101.28,Credit,32,Engineer,1,2774.35,4
299.92,Debit,27,Student,1,1368.0,1
77.54,Debit,67,Retired,1,4536.38,3
18.35,Debit,21,Student,1,1293.39,1
732.53,Credit,26,Student,1,441.54,1
65.11,Debit,34,Engineer,1,8485.14,4
67.07,Credit,24,Student,1,999.62,1
137.48,Debit,55,Doctor,1,14273.42,2
398.36,Debit,22,Student,1,1863.7,1
469.46,Debit,20,Student,1,8640.56,1
37.58,Debit,57,Doctor,1,259.44,2
160.24,Debit,31,Engineer,1,5526.97,4
315.39,Credit,23,Student,1,929.6,1
434.17,Debit,21,Student,5,5335.44,1
165.91,Debit,26,Student,1,587.12,1
211.36,Debit,47,Engineer,1,4760.34,0
241.45,Debit,26,Student,1,1594.04,1
23.24,Debit,68,Doctor,1,13777.79,2
70.88,Credit,74,Retired,1,1794.65,3
1143.67,Debit,66,Retired,1,7677.76,3
314.52,Debit,80,Retired,1,7071.32,3
181.81,Credit,78,Retired,1,7525.73,3
854.64,Debit,56,Retired,1,2989.25,3
261.19,Debit,64,Retired,1,7620.6,3
220.68,Credit,71,Retired,1,5549.2,3
11.86,Debit,31,Engineer,1,6782.61,4
122.65,Debit,28,Student,1,1968.51,1
395.16,Debit,56,Retired,1,5340.73,3
704.69,Debit,51,Retired,1,3267.84,3
369.89,Debit,69,Retired,1,6941.47,3
10.92,Debit,67,Retired,1,7567.2,3
199.14,Debit,31,Engineer,1,7001.25,4
109.43,Debit,70,Retired,1,1983.65,3
304.15,Debit,20,Student,1,686.91,1
620.54,Credit,28,Student,1,213.36,1
757.79,Debit,22,Student,1,1443.02,1
122.81,Debit,52,Doctor,1,8450.84,2
96.25,Debit,61,Retired,1,7996.7,3
1431.33,Debit,30,Doctor,1,5567.98,5
142.55,Debit,67,Doctor,1,1262.68,2
35.94,Credit,23,Student,1,1697.28,1
24.86,Debit,58,Engineer,1,2591.65,0
103.08,Debit,60,Doctor,1,12002.16,2
116.27,Debit,57,Engineer,1,8726.92,0
363.84,Debit,73,Retired,3,5415.64,3
34.74,Credit,59,Retired,1,3736.57,3
64.01,Credit,19,Student,1,1225.69,1
108.75,Debit,50,Doctor,4,14829.85,2
50.9,Credit,28,Student,1,1277.7,1
206.84,Debit,20,Student,1,454.66,1
37.4,Debit,20,Student,1,1519.51,1
154.21,Debit,46,Engineer,1,8045.77,0
199.37,Debit,24,Student,1,1331.3,1
410.49,Credit,25,Student,1,1843.57,1
1360.01,Credit,67,Retired,1,6601.5,3
18.23,Debit,56,Engineer,1,8422.2,0
398.7,Debit,47,Doctor,1,7987.74,2
122.14,Debit,22,Student,1,327.68,1
378.2,Debit,40,Engineer,1,7372.81,0
124.74,Debit,49,Engineer,1,2987.97,0
17.1,Debit,53,Retired,1,1619.54,3
287.05,Debit,22,Student,1,1204.65,1
874.72,Debit,28,Engineer,1,4630.58,4
1762.28,Debit,24,Student,1,1380.34,1
40.12,Credit,36,Doctor,1,14304.38,5
125.0,Credit,49,Engineer,1,3215.76,0
348.44,Debit,24,Student,1,1022.94,1
128.4,Debit,69,Retired,1,2610.64,3
320.93,Debit,55,Engineer,1,9451.66,0
1.41,Debit,53,Retired,1,1244.17,3
50.52,Debit,54,Doctor,1,12815.24,2
383.95,Credit,31,Engineer,1,9933.56,4
12.94,Debit,23,Student,1,921.23,1
329.75,Debit,56,Retired,1,6009.43,3
981.76,Debit,45,Doctor,1,602.36,2
40.79,Debit,18,Student,1,1769.33,1
99.25,Credit,63,Retired,1,2570.34,3
150.6,Debit,69,Retired,1,3240.14,3
29.5,Debit,73,Retired,1,1229.32,3
54.34,Debit,65,Doctor,1,8019.89,2
18.25,Debit,53,Doctor,1,14328.29,2
633.87,Debit,27,Student,1,330.16,1
81.15,Debit,19,Student,1,1595.26,1
83.95,Debit,75,Retired,1,7413.18,3
410.4,Credit,61,Retired,1,2563.91,3
172.68,Debit,33,Doctor,1,10724.95,5
139.88,Debit,34,Engineer,1,2969.71,4
165.55,Debit,28,Student,1,761.78,1
53.79,Credit,54,Engineer,3,6229.36,0
285.69,Debit,63,Retired,1,2552.54,3
532.4,Debit,22,Student,1,1033.73,1
293.85,Debit,25,Student,1,1919.97,1
27.94,Debit,79,Retired,1,1893.44,3
270.36,Debit,25,Student,1,1783.04,1
112.66,Debit,29,Engineer,3,852.98,4
506.03,Debit,21,Student,1,1123.89,1
206.95,Debit,22,Student,1,1817.65,1
350.96,Debit,63,Retired,1,5463.94,3
261.63,Debit,20,Student,1,477.03,1
46.12,Debit,59,Doctor,1,8874.01,2
27.25,Credit,63,Retired,1,5365.2,3
1353.93,Debit,26,Engineer,1,7858.41,4
331.66,Debit,76,Retired,1,7216.3,3
667.95,Credit,62,Doctor,1,13558.56,2
49.84,Debit,49,Doctor,1,7872.04,2
556.04,Debit,72,Retired,1,5200.04,3
88.06,Credit,18,Student,1,1779.85,1
745.95,Debit,58,Doctor,1,13264.14,2
67.25,Debit,19,Student,1,467.4,1
93.63,Debit,29,Engineer,1,9873.62,4
74.11,Debit,22,Student,1,1257.9,1
41.13,Credit,77,Retired,1,6067.54,3
192.02,Credit,79,Retired,1,5169.07,3
291.27,Debit,77,Retired,1,6878.86,3
296.46,Debit,23,Student,1,558.99,1
341.84,Credit,27,Student,1,1400.04,1
98.41,Debit,27,Student,1,912.71,1
109.28,Debit,36,Engineer,4,6338.35,4
27.51,Credit,40,Doctor,1,13645.63,2
12.18,Debit,76,Retired,1,4909.24,3
207.71,Credit,25,Student,1,570.1,1
25.77,Credit,45,Doctor,1,11749.77,2
127.57,Debit,52,Retired,1,6118.2,3
392.05,Debit,60,Engineer,1,4383.69,0
521.01,Credit,41,Engineer,1,4004.55,0
849.76,Debit,25,Student,1,373.88,1
172.5,Debit,68,Doctor,1,6851.16,2
265.44,Debit,30,Engineer,1,9700.77,4
152.34,Debit,55,Doctor,1,6853.51,2
21.13,Debit,28,Student,1,948.7,1
111.55,Debit,46,Doctor,1,12221.17,2
321.82,Credit,32,Engineer,1,6500.5,4
1294.81,Credit,45,Engineer,1,9927.75,0
148.77,Debit,67,Retired,1,2138.42,3
14.08,Debit,57,Retired,1,3908.65,3
1283.97,Debit,42,Doctor,1,11041.9,2
566.33,Credit,24,Student,1,379.82,1
206.51,Debit,51,Retired,1,3921.74,3
180.94,Debit,75,Retired,1,7659.99,3
77.9,Debit,21,Student,1,664.72,1
318.92,Credit,21,Student,1,1167.25,1
583.3,Credit,59,Engineer,1,5896.01,0
100.68,Debit,63,Retired,1,1123.75,3
589.64,Debit,62,Retired,1,2039.4,3
225.93,Credit,25,Student,1,1864.27,1
651.55,Debit,72,Retired,1,2325.78,3
80.97,Debit,38,Doctor,1,5926.31,5
191.89,Debit,25,Student,1,399.57,1
304.75,Credit,78,Retired,1,1916.34,3
201.53,Debit,68,Retired,1,2732.86,3
8.45,Debit,22,Student,1,1115.3,1
435.98,Debit,30,Engineer,1,7334.08,4
743.24,Credit,19,Student,1,1024.19,1
16.27,Debit,57,Doctor,1,10971.32,2
290.86,Debit,45,Doctor,1,14631.88,2
85.73,Debit,41,Doctor,1,14928.35,2
555.71,Credit,22,Student,1,830.37,1
40.03,Debit,23,Student,1,6408.8,1
73.01,Credit,25,Student,1,1997.33,1
346.12,Debit,44,Doctor,1,13084.27,2
1.93,Debit,47,Doctor,5,5684.09,2
252.93,Debit,75,Retired,1,2760.37,3
238.54,Debit,19,Student,4,868.91,1
1011.22,Debit,61,Retired,1,5838.91,3
58.7,Debit,67,Doctor,1,8937.35,2
7.56,Debit,40,Doctor,1,8528.72,2
540.4,Debit,45,Doctor,1,425.77,2
264.14,Debit,64,Doctor,1,8459.26,2
248.15,Debit,75,Retired,1,2649.23,3
24.34,Debit,54,Engineer,1,6659.12,0
428.61,Debit,66,Doctor,1,11937.04,2
117.66,Credit,39,Doctor,1,6794.17,2
165.8,Debit,60,Engineer,1,2064.76,0
289.18,Debit,65,Retired,1,3139.75,3
125.39,Debit,21,Student,1,202.69,1
305.18,Debit,58,Retired,1,4474.2,3
506.9,Credit,64,Doctor,1,11471.87,2
504.12,Credit,25,Student,1,1107.28,1
42.09,Debit,29,Engineer,1,5526.28,4
607.28,Debit,32,Doctor,1,9679.68,5
91.9,Debit,77,Retired,1,1033.94,3
303.43,Debit,22,Student,1,1833.24,1
668.78,Debit,20,Student,1,983.68,1
270.54,Credit,20,Student,1,269.78,1
247.93,Debit,37,Engineer,1,9801.48,4
34.67,Debit,19,Student,1,888.6,1
326.03,Credit,18,Student,1,290.24,1
148.26,Debit,25,Student,1,958.7,1
1086.6,Debit,19,Student,1,1605.67,1
373.99,Debit,60,Doctor,1,8590.5,2
254.34,Debit,49,Engineer,1,5461.08,0
819.48,Debit,25,Student,1,1804.5,1
14.0,Debit,49,Engineer,1,7975.18,0
57.16,Debit,40,Engineer,1,222.22,0
282.26,Debit,37,Engineer,1,6857.2,4
46.96,Debit,46,Engineer,1,2028.92,0
473.2,Debit,34,Doctor,1,248.52,5
192.97,Debit,59,Retired,1,3019.04,3
168.99,Debit,18,Student,1,1523.57,1
1.82,Debit,80,Retired,1,5571.39,3
40.9,Debit,55,Doctor,1,1514.34,2
78.91,Debit,61,Doctor,1,1817.43,2
169.97,Credit,22,Student,1,6269.12,1
17.79,Debit,61,Retired,5,2281.9,3
486.61,Credit,48,Engineer,1,2006.69,0
148.13,Debit,58,Retired,1,2189.38,3
164.52,Debit,61,Doctor,1,11036.74,2
720.89,Debit,27,Student,1,447.06,1
268.7,Debit,53,Retired,1,2104.74,3
637.34,Debit,51,Retired,1,5183.5,3
216.76,Credit,47,Engineer,1,643.64,0
418.02,Debit,46,Doctor,1,11011.86,2
292.03,Credit,46,Engineer,1,951.33,0
251.4,Debit,57,Retired,1,2561.67,3
184.56,Debit,21,Student,1,1549.27,1
33.76,Debit,26,Engineer,1,3253.51,4
253.46,Debit,45,Engineer,1,1338.95,0
1612.37,Debit,65,Retired,1,3910.59,3
138.68,Credit,22,Student,1,206.2,1
42.56,Debit,18,Student,1,4361.44,1
680.76,Debit,21,Student,1,572.97,1
53.83,Debit,70,Retired,1,4580.59,3
11.09,Debit,51,Engineer,1,2990.05,0
37.81,Debit,63,Retired,1,5208.98,3
449.18,Debit,67,Retired,1,1025.99,3
1135.8,Debit,30,Doctor,1,13534.3,5
297.6,Debit,39,Doctor,1,1461.17,2
683.75,Debit,32,Doctor,1,6333.72,5
21.4,Credit,48,Engineer,1,8551.6,0
315.94,Debit,78,Retired,1,4273.99,3
331.32,Debit,61,Doctor,5,13054.54,2
223.76,Credit,74,Retired,1,4102.23,3
216.03,Debit,42,Doctor,1,10462.77,2
17.42,Debit,74,Retired,1,6851.31,3
491.91,Debit,78,Retired,1,2421.94,3
350.11,Credit,74,Retired,1,4639.04,3
218.07,Debit,23,Student,1,443.62,1
291.09,Debit,48,Engineer,1,6312.79,0
422.14,Credit,26,Student,1,1436.32,1
613.21,Debit,61,Retired,1,3279.12,3
73.83,Debit,69,Doctor,1,6020.29,2
67.33,Debit,59,Engineer,1,5925.98,0
26.92,Debit,62,Retired,1,1674.94,3
18.3,Debit,48,Engineer,1,3733.52,0
317.94,Debit,54,Engineer,1,2996.51,0
179.38,Debit,40,Doctor,1,11666.18,2
918.95,Debit,68,Doctor,1,7006.46,2
13.92,Debit,37,Engineer,1,2735.84,4
365.43,Debit,25,Student,1,1073.51,1
263.59,Debit,71,Retired,1,6996.35,3
54.8,Debit,34,Engineer,1,4943.49,4
141.49,Debit,24,Student,1,1665.58,1
31.39,Debit,20,Student,1,998.49,1
93.82,Debit,39,Engineer,1,8422.06,0
5.71,Debit,21,Student,1,1285.42,1
178.39,Debit,34,Engineer,1,8469.43,4
126.91,Debit,22,Student,1,692.69,1
36.09,Debit,53,Doctor,1,12319.26,2
91.77,Debit,51,Doctor,1,9240.73,2
198.92,Debit,36,Engineer,1,2854.66,4
137.81,Debit,58,Engineer,1,2631.47,0
136.88,Credit,24,Student,1,7465.95,1
133.07,Debit,21,Student,1,1670.99,1
1.14,Debit,43,Doctor,1,13913.92,2
256.34,Debit,69,Retired,1,7471.63,3
56.11,Debit,36,Doctor,1,11123.65,5
118.1,Debit,50,Engineer,1,7976.6,0
137.86,Credit,66,Doctor,1,8046.94,2
813.78,Credit,54,Doctor,1,14935.5,2
237.97,Debit,69,Doctor,1,13486.15,2
684.96,Debit,21,Student,1,526.67,1
878.63,Debit,60,Engineer,1,4954.37,0
276.56,Debit,68,Doctor,1,8942.58,2
8.75,Debit,79,Retired,1,4044.62,3
637.48,Debit,65,Retired,1,4148.85,3
103.15,Debit,51,Doctor,1,11388.15,2
505.6,Debit,52,Retired,1,5347.57,3
371.86,Debit,46,Doctor,1,1329.45,2
14.26,Debit,50,Engineer,1,2475.65,0
13.16,Debit,43,Engineer,1,1019.46,0
167.92,Debit,40,Doctor,2,14321.73,2
73.01,Debit,56,Retired,1,2833.12,3
201.5,Credit,61,Doctor,1,12148.32,2
150.3,Debit,41,Doctor,1,14371.08,2
23.7,Debit,46,Doctor,1,7947.44,2
49.59,Debit,48,Engineer,1,6037.03,0
720.13,Credit,22,Student,1,387.02,1
134.92,Debit,19,Student,1,1081.97,1
116.97,Debit,18,Student,1,729.7,1
11.06,Debit,34,Engineer,3,2782.21,4
88.29,Credit,50,Engineer,1,5245.93,0
5.81,Debit,25,Student,1,1290.95,1
103.48,Debit,32,Engineer,1,6494.25,4
156.74,Debit,70,Retired,1,4004.35,3
505.14,Debit,68,Retired,1,2525.47,3
31.06,Debit,46,Doctor,1,11014.25,2
7.61,Debit,50,Doctor,1,6275.0,2
276.16,Credit,53,Retired,1,1733.34,3
145.77,Debit,68,Retired,1,5294.98,3
369.44,Debit,34,Engineer,1,5018.67,4
558.86,Debit,60,Doctor,1,9844.32,2
429.15,Debit,26,Student,1,712.13,1
36.74,Debit,33,Doctor,1,6217.58,5
79.14,Credit,57,Retired,1,2229.56,3
132.48,Debit,36,Engineer,1,9313.05,4
136.48,Debit,52,Engineer,4,4618.53,0
203.76,Debit,55,Retired,1,6747.16,3
750.95,Debit,78,Retired,1,5134.37,3
0.84,Debit,52,Engineer,1,2207.54,0
257.18,Debit,67,Doctor,1,13336.15,2
767.66,Debit,63,Doctor,1,1801.69,2
182.29,Debit,54,Doctor,1,522.39,2
184.51,Credit,54,Doctor,1,9381.64,2
451.31,Debit,62,Retired,5,2963.29,3
144.1,Debit,57,Doctor,1,11523.64,2
72.5,Debit,40,Doctor,1,12723.62,2
74.11,Credit,69,Retired,4,3920.11,3
22.15,Debit,44,Doctor,1,7451.83,2
777.92,Debit,62,Doctor,1,7061.58,2
790.07,Debit,28,Student,1,985.77,1
406.33,Credit,59,Engineer,1,4298.34,0
767.41,Debit,56,Doctor,1,12799.34,2
4.58,Credit,21,Student,1,811.24,1
447.83,Credit,53,Doctor,1,13273.08,2
49.67,Debit,21,Student,1,842.94,1
77.83,Credit,49,Engineer,1,2471.53,0
702.87,Debit,19,Student,1,1237.5,1
133.56,Debit,25,Student,1,783.83,1
868.05,Credit,49,Engineer,1,3931.03,0
52.87,Debit,24,Student,1,960.96,1
179.0,Debit,78,Retired,1,7310.88,3
1168.26,Credit,73,Retired,1,1385.74,3
384.11,Debit,58,Retired,1,7902.52,3
227.61,Debit,71,Retired,1,4405.28,3
40.83,Debit,48,Engineer,1,3944.12,0
19.76,Debit,20,Student,1,1523.04,1
484.24,Debit,67,Doctor,1,8042.3,2
494.66,Debit,33,Doctor,1,5531.93,5
301.47,Debit,21,Student,1,560.73,1
199.09,Debit,70,Doctor,1,1658.52,2
38.95,Debit,27,Engineer,1,731.52,4
515.94,Debit,29,Engineer,1,1389.89,4
41.93,Debit,48,Engineer,1,5081.26,0
137.84,Debit,27,Student,1,1000.35,1
95.35,Debit,21,Student,1,1639.9,1
93.14,Debit,67,Retired,1,5473.82,3
1427.71,Debit,64,Doctor,1,1729.26,2
79.33,Credit,51,Doctor,1,14798.1,2
76.89,Debit,55,Doctor,1,7374.26,2
233.71,Debit,19,Student,1,1231.98,1
14.92,Debit,26,Engineer,1,6611.26,4
242.17,Debit,60,Doctor,1,883.72,2
122.98,Debit,79,Retired,1,5055.99,3
129.35,Debit,52,Engineer,1,7166.88,0
138.33,Debit,21,Student,1,232.56,1
39.31,Debit,25,Student,1,1236.38,1
91.85,Debit,21,Student,1,802.09,1
277.7,Debit,58,Engineer,1,1423.2,0
114.03,Debit,51,Doctor,1,13388.56,2
302.63,Credit,27,Engineer,1,2801.28,4
31.19,Debit,52,Engineer,1,5545.96,0
112.91,Credit,27,Engineer,1,4764.48,4
742.26,Debit,27,Engineer,1,7868.19,4
256.8,Debit,26,Student,1,1128.38,1
378.68,Debit,60,Doctor,1,7627.04,2
571.93,Debit,52,Retired,1,4026.03,3
26.31,Credit,77,Retired,1,7095.76,3
205.58,Debit,20,Student,1,1501.95,1
533.61,Debit,48,Engineer,1,3656.93,0
428.62,Debit,55,Retired,1,3473.24,3
361.22,Debit,64,Retired,1,7061.73,3
837.29,Debit,25,Student,1,6012.67,1
117.25,Credit,31,Doctor,1,13694.68,5
135.27,Debit,48,Doctor,1,9410.51,2
185.1,Debit,53,Retired,1,6115.63,3
113.54,Debit,38,Engineer,1,5581.21,4
354.96,Debit,69,Doctor,1,6712.94,2
224.22,Debit,53,Doctor,1,8400.87,2
737.1,Debit,60,Retired,1,4644.19,3
223.22,Debit,27,Student,1,1734.22,1
557.26,Debit,69,Doctor,1,5237.12,2
1496.57,Debit,33,Engineer,1,969.06,4
27.44,Debit,62,Retired,1,5950.48,3
310.09,Debit,36,Doctor,1,9962.5,5
80.38,Debit,52,Doctor,1,9662.88,2
26.1,Credit,66,Doctor,1,5243.0,2
845.14,Credit,73,Retired,1,1702.65,3
59.73,Debit,27,Student,1,800.93,1
758.77,Debit,60,Engineer,1,7231.47,0
301.51,Debit,22,Student,1,1052.31,1
418.03,Debit,58,Doctor,1,10721.29,2
118.06,Credit,32,Doctor,1,13560.63,5
483.92,Debit,70,Retired,1,3138.0,3
78.93,Debit,38,Doctor,1,9916.24,5
36.63,Debit,75,Retired,1,7941.73,3
87.85,Debit,49,Engineer,1,3753.24,0
1001.83,Debit,31,Doctor,1,9733.83,5
705.34,Debit,59,Doctor,1,5003.22,2
146.55,Debit,54,Retired,5,4087.44,3
116.89,Debit,71,Retired,1,4880.31,3
106.41,Debit,57,Retired,1,1310.38,3
1087.9,Debit,78,Retired,1,2513.51,3
584.41,Debit,23,Student,1,4475.22,1
584.98,Credit,55,Retired,1,6521.05,3
79.21,Debit,56,Retired,1,1615.04,3
173.13,Credit,20,Student,1,1490.34,1
335.7,Debit,80,Retired,1,6601.44,3
1225.5,Credit,50,Doctor,1,8611.17,2
422.81,Debit,28,Student,1,1929.28,1
135.43,Debit,57,Retired,1,5315.83,3
584.88,Debit,26,Student,1,548.45,1
308.94,Debit,25,Student,1,1931.66,1
295.93,Debit,36,Doctor,1,1050.63,5
1512.99,Debit,19,Student,1,9963.39,1
77.44,Debit,58,Retired,1,1950.63,3
92.5,Credit,40,Engineer,1,6295.45,0
97.74,Credit,41,Engineer,1,4113.63,0
291.68,Debit,21,Student,1,1451.02,1
56.96,Debit,22,Student,1,1597.85,1
436.8,Debit,27,Student,1,1256.33,1
259.49,Debit,72,Retired,1,7320.61,3
726.26,Debit,57,Retired,1,2150.38,3
568.68,Debit,72,Retired,1,2940.04,3
77.57,Debit,49,Doctor,1,12801.93,2
999.28,Debit,29,Engineer,1,4272.41,4
14.16,Credit,74,Retired,1,5399.76,3
1142.83,Credit,61,Retired,1,2467.39,3
61.33,Debit,27,Engineer,1,7537.4,4
27.64,Debit,54,Engineer,1,7498.51,0
3.85,Debit,29,Doctor,1,10506.41,5
431.22,Credit,73,Retired,1,6505.98,3
178.55,Debit,55,Engineer,1,7568.4,0
248.76,Debit,18,Student,1,546.46,1
76.16,Debit,23,Student,1,1072.25,1
347.25,Debit,69,Doctor,1,7273.55,2
28.04,Debit,57,Doctor,5,11197.54,2
325.98,Debit,19,Student,1,782.35,1
249.56,Debit,76,Retired,1,4444.95,3
17.43,Debit,56,Doctor,1,10658.88,2
198.01,Credit,26,Student,1,250.93,1
585.58,Debit,23,Student,1,1729.02,1
434.67,Credit,27,Student,1,1298.13,1
510.7,Credit,27,Student,1,5828.48,1
331.98,Debit,74,Retired,1,7600.99,3
199.54,Debit,56,Engineer,1,9603.73,0
212.97,Debit,59,Engineer,1,4180.4,0
270.56,Debit,23,Student,1,1268.44,1
306.37,Debit,26,Engineer,1,9609.67,4
643.02,Credit,38,Doctor,1,11989.39,5
98.48,Debit,47,Engineer,1,9538.92,0
889.01,Debit,36,Engineer,1,4826.88,4
537.86,Debit,27,Student,1,293.06,1
241.18,Debit,25,Student,1,1445.53,1
130.54,Debit,64,Doctor,1,11204.62,2
800.29,Credit,20,Student,1,693.4,1
8.81,Debit,57,Doctor,1,13523.65,2
28.52,Debit,20,Student,1,662.51,1
431.31,Credit,23,Student,1,342.73,1
885.33,Credit,47,Engineer,1,7764.16,0
199.23,Debit,29,Engineer,1,9834.0,4
42.26,Debit,44,Doctor,1,268.77,2
166.06,Debit,30,Engineer,1,5397.68,4
357.72,Debit,53,Retired,1,7659.5,3
588.37,Debit,28,Student,1,1926.08,1
72.82,Debit,68,Doctor,1,6911.62,2
162.36,Debit,36,Engineer,1,7527.04,4
584.82,Credit,43,Doctor,1,12071.1,2
38.15,Credit,72,Retired,1,1425.47,3
477.54,Credit,23,Student,1,1598.63,1
639.57,Debit,60,Doctor,1,11726.47,2
58.23,Debit,28,Student,1,9189.76,1
776.21,Credit,78,Retired,1,4895.87,3
248.76,Debit,21,Student,1,6178.77,1
188.61,Debit,67,Retired,1,7167.57,3
675.37,Credit,56,Retired,1,4704.91,3
94.82,Credit,67,Retired,1,1267.72,3
425.18,Credit,59,Engineer,1,5790.55,0
50.28,Debit,60,Engineer,1,5729.1,0
864.72,Credit,34,Engineer,1,7379.38,4
70.68,Debit,25,Student,1,1478.41,1
261.77,Debit,28,Student,1,824.71,1
183.22,Debit,27,Student,1,1024.42,1
58.32,Credit,29,Engineer,4,6027.49,4
156.86,Debit,51,Doctor,1,14453.35,2
120.67,Debit,42,Doctor,1,5374.54,2
308.62,Credit,59,Engineer,1,9148.08,0
506.81,Debit,59,Engineer,1,2757.23,0
328.39,Debit,41,Engineer,1,2523.83,0
796.3,Debit,67,Retired,1,1498.79,3
72.47,Debit,29,Doctor,1,1305.56,5
279.6,Debit,25,Student,1,1910.9,1
304.2,Debit,25,Student,1,423.64,1
351.38,Debit,64,Retired,1,7606.63,3
86.07,Debit,31,Doctor,1,842.56,5
604.5,Debit,28,Student,1,709.42,1
258.7,Debit,27,Student,1,1358.37,1
994.63,Debit,61,Doctor,1,13538.14,2
11.46,Credit,75,Retired,1,7258.33,3
63.76,Debit,69,Retired,1,4980.26,3
446.83,Credit,55,Retired,1,1623.5,3
63.54,Debit,26,Engineer,1,4401.78,4
81.11,Debit,48,Engineer,1,2051.37,0
441.26,Credit,58,Doctor,5,13704.92,2
170.96,Debit,64,Doctor,1,13374.89,2
48.51,Debit,22,Student,1,3363.23,1
325.03,Debit,60,Doctor,1,13521.76,2
125.83,Debit,57,Retired,1,6109.86,3
506.83,Debit,37,Engineer,1,9975.79,4
738.94,Debit,41,Doctor,1,13856.18,2
180.36,Credit,33,Engineer,1,9905.23,4
225.1,Debit,28,Student,1,1547.71,1
359.51,Debit,79,Retired,1,7153.72,3
720.46,Debit,54,Retired,1,3101.54,3
1116.57,Debit,56,Retired,1,1393.14,3
291.46,Debit,57,Retired,1,7142.53,3
1192.95,Debit,23,Student,1,325.15,1
98.24,Debit,28,Student,1,580.66,1
100.48,Credit,18,Student,1,6149.81,1
45.9,Debit,56,Engineer,1,5698.25,0
258.21,Debit,39,Doctor,1,9562.41,2
1079.11,Debit,53,Engineer,1,2038.31,0
287.51,Debit,22,Student,1,187.65,1
501.3,Credit,26,Engineer,1,8520.08,4
26.1,Debit,27,Student,1,1435.72,1
436.77,Debit,20,Student,1,825.69,1
292.38,Debit,68,Doctor,1,5803.89,2
1026.46,Debit,53,Retired,1,3134.47,3
25.29,Debit,50,Engineer,1,5374.69,0
123.35,Credit,31,Doctor,1,6852.16,5
139.52,Debit,23,Student,1,1570.22,1
51.2,Debit,18,Student,1,730.6,1
122.85,Credit,47,Doctor,3,13185.39,2
161.38,Credit,24,Student,1,3900.34,1
2.51,Debit,63,Retired,1,4891.56,3
22.62,Debit,64,Doctor,1,7682.0,2
126.83,Debit,57,Retired,1,6100.98,3
46.6,Debit,55,Doctor,1,1562.9,2
243.8,Debit,57,Doctor,1,13732.81,2
231.51,Credit,60,Retired,1,5790.7,3
175.05,Debit,39,Engineer,1,1447.35,0
762.74,Debit,64,Doctor,1,207.1,2
34.03,Debit,57,Engineer,1,3077.2,0
15.95,Debit,25,Student,1,1983.0,1
926.53,Debit,57,Engineer,1,3120.1,0
101.51,Credit,46,Engineer,1,3052.47,0
309.42,Debit,27,Engineer,1,8564.46,4
257.6,Credit,59,Retired,1,7950.74,3
746.78,Credit,21,Student,1,1699.81,1
82.01,Credit,23,Student,1,287.46,1
476.99,Debit,23,Student,1,1154.48,1
320.11,Debit,23,Student,1,4076.48,1
333.39,Debit,68,Doctor,1,10628.59,2
10.3,Debit,47,Engineer,1,7801.32,0
737.46,Credit,53,Doctor,4,634.16,2
416.55,Debit,33,Engineer,1,922.96,4
84.91,Debit,18,Student,1,1671.86,1
98.95,Debit,75,Retired,1,5670.82,3
18.14,Credit,58,Retired,1,6020.85,3
1154.79,Debit,51,Doctor,1,6180.3,2
215.13,Debit,46,Engineer,1,3956.69,0
218.57,Credit,62,Doctor,1,13869.86,2
341.88,Debit,43,Engineer,1,4159.52,0
691.92,Debit,19,Student,1,1084.65,1
50.43,Debit,32,Doctor,1,9794.26,5
440.43,Debit,78,Retired,1,5123.24,3
299.03,Debit,39,Engineer,1,1381.28,0
1.98,Debit,66,Doctor,1,11619.1,2
173.45,Debit,31,Engineer,1,9077.62,4
438.76,Debit,22,Student,1,1824.19,1
519.62,Credit,71,Retired,1,4159.33,3
738.68,Debit,50,Doctor,1,14352.33,2
151.14,Debit,64,Retired,1,2156.54,3
75.77,Debit,51,Engineer,1,8361.7,0
444.52,Debit,27,Engineer,1,5424.6,4
5.29,Debit,52,Doctor,1,11263.89,2
97.63,Credit,48,Doctor,1,12467.31,2
256.95,Debit,26,Engineer,1,2531.24,4
734.86,Credit,48,Engineer,1,6242.03,0
1250.94,Debit,36,Doctor,2,11565.97,5
84.28,Debit,39,Doctor,1,13586.06,2
927.45,Debit,24,Student,1,1161.84,1
202.49,Credit,48,Engineer,1,7447.1,0
154.99,Debit,25,Student,1,1419.31,1
481.53,Debit,58,Retired,1,6142.54,3
172.92,Debit,20,Student,1,416.37,1
275.59,Credit,53,Retired,1,6313.22,3
207.2,Debit,60,Engineer,1,8092.94,0
136.82,Debit,31,Engineer,1,6229.13,4
624.0,Debit,26,Engineer,5,4976.18,4
179.38,Debit,30,Engineer,1,8741.51,4
10.15,Debit,59,Doctor,5,7155.04,2
26.3,Debit,32,Doctor,1,7473.73,5
319.5,Credit,29,Engineer,1,2366.3,4
182.42,Debit,51,Retired,1,3051.29,3
716.62,Debit,44,Doctor,1,6987.4,2
222.96,Credit,65,Doctor,1,7370.41,2
79.77,Debit,68,Retired,1,5010.31,3
431.08,Debit,59,Retired,1,6760.22,3
592.24,Debit,52,Doctor,1,9817.05,2
200.19,Credit,52,Retired,1,4389.96,3
297.5,Credit,73,Retired,1,6768.14,3
345.86,Debit,51,Retired,1,1504.64,3
343.88,Debit,63,Retired,1,6486.18,3
16.52,Credit,25,Student,1,835.53,1
162.1,Debit,41,Engineer,1,8576.65,0
36.12,Debit,22,Student,1,1593.03,1
354.91,Debit,74,Retired,1,3872.55,3
38.41,Debit,40,Doctor,1,9129.68,2
53.52,Debit,49,Engineer,1,2227.49,0
498.59,Debit,57,Retired,1,2619.46,3
13.3,Debit,23,Student,1,213.0,1
189.65,Debit,21,Student,1,8457.09,1
255.32,Debit,80,Retired,1,6290.62,3
230.51,Credit,51,Engineer,1,9522.37,0
237.74,Debit,61,Doctor,1,11795.12,2
512.76,Debit,52,Doctor,1,5121.36,2
151.37,Debit,54,Engineer,1,8356.08,0
85.01,Credit,25,Student,1,1299.4,1
444.47,Debit,57,Retired,1,6062.94,3
184.19,Debit,67,Retired,1,7588.67,3
879.25,Credit,24,Student,1,125.85,1
55.98,Credit,24,Student,1,7047.04,1
54.91,Credit,41,Engineer,1,7927.27,0
1047.69,Debit,20,Student,1,1889.78,1
393.74,Debit,26,Student,1,1769.06,1
58.94,Debit,30,Engineer,1,4575.98,4
515.57,Debit,27,Engineer,1,9269.67,4
332.15,Debit,59,Doctor,1,9749.46,2
177.94,Debit,19,Student,1,123.24,1
68.68,Debit,49,Engineer,1,4718.51,0
1431.54,Debit,20,Student,1,1171.98,1
240.03,Debit,33,Engineer,1,7807.73,4
168.34,Debit,64,Retired,1,7483.01,3
474.77,Debit,46,Engineer,1,8494.53,0
451.7,Debit,29,Engineer,1,8994.67,4
243.85,Debit,39,Engineer,1,4576.78,0
5.76,Debit,38,Engineer,1,5859.79,4
435.08,Debit,55,Engineer,1,2103.41,0
127.78,Debit,20,Student,1,1046.66,1
23.14,Credit,47,Doctor,1,10536.54,2
545.87,Debit,27,Engineer,1,4860.01,4
21.21,Debit,55,Engineer,1,9575.42,0
423.53,Credit,50,Doctor,1,5453.4,2
142.1,Credit,18,Student,1,1545.64,1
1413.24,Debit,58,Engineer,1,7272.01,0
114.15,Debit,19,Student,1,1612.4,1
275.98,Credit,72,Retired,1,6151.05,3
590.68,Debit,27,Student,1,852.2,1
152.42,Debit,42,Doctor,1,9141.79,2
395.77,Credit,43,Doctor,1,6425.99,2
615.16,Debit,26,Student,1,214.61,1
207.82,Credit,19,Student,1,229.02,1
220.52,Debit,57,Retired,1,1793.09,3
281.47,Debit,34,Engineer,1,4437.48,4
57.91,Credit,58,Engineer,1,3641.06,0
30.48,Credit,32,Doctor,1,11481.85,5
1152.58,Debit,65,Retired,1,7567.17,3
453.09,Debit,48,Doctor,1,6708.65,2
424.47,Debit,22,Student,1,5491.55,1
228.4,Debit,67,Doctor,1,9598.43,2
67.17,Debit,63,Doctor,1,14410.44,2
284.89,Debit,53,Doctor,1,9738.6,2
118.69,Debit,33,Doctor,1,749.34,5
221.33,Debit,27,Student,1,1185.43,1
252.31,Credit,26,Student,1,1584.6,1
58.85,Credit,71,Retired,1,1789.8,3
194.68,Debit,32,Doctor,1,14494.18,5
433.53,Debit,38,Doctor,1,6368.32,5
178.26,Debit,59,Retired,1,1137.13,3
207.65,Debit,34,Engineer,1,5143.8,4
237.0,Debit,49,Doctor,1,14021.4,2
1169.59,Debit,28,Student,1,5946.45,1
347.63,Credit,25,Student,1,1400.04,1
517.68,Debit,31,Doctor,1,11305.81,5
36.25,Debit,52,Doctor,1,193.06,2
46.53,Debit,42,Engineer,1,4468.12,0
207.47,Debit,53,Doctor,1,1688.9,2
199.7,Debit,43,Engineer,1,7574.45,0
307.89,Credit,62,Retired,1,2637.55,3
403.63,Debit,31,Engineer,3,3304.02,4
20.06,Debit,27,Student,1,445.21,1
236.57,Debit,79,Retired,1,3488.77,3
0.32,Debit,39,Engineer,1,7158.58,0
14.28,Debit,23,Student,1,1597.51,1
232.35,Credit,33,Engineer,1,4186.25,4
317.53,Debit,44,Engineer,1,6237.68,0
74.67,Debit,43,Engineer,1,3449.35,0
65.01,Credit,29,Doctor,1,10235.19,5
0.45,Debit,34,Engineer,1,8670.23,4
364.13,Debit,63,Doctor,1,8198.0,2
340.13,Debit,24,Student,3,1149.74,1
15.81,Debit,69,Doctor,4,8384.85,2
222.66,Debit,39,Doctor,1,14466.38,2
638.24,Debit,48,Engineer,1,5695.78,0
241.21,Debit,31,Engineer,1,1220.86,4
171.16,Debit,51,Retired,1,6126.5,3
1360.67,Debit,29,Engineer,1,2861.65,4
37.65,Credit,27,Student,1,411.78,1
25.77,Debit,68,Retired,1,4331.54,3
789.8,Debit,40,Doctor,1,13948.09,2
308.85,Credit,20,Student,2,333.19,1
1454.52,Debit,27,Student,1,1189.03,1
806.97,Debit,25,Student,1,102.2,1
364.81,Debit,25,Student,1,1145.23,1
490.82,Debit,26,Engineer,1,8704.27,4
1021.38,Debit,61,Doctor,1,6223.26,2
311.28,Debit,49,Doctor,1,135.96,2
85.03,Debit,51,Retired,1,4597.57,3
307.75,Debit,64,Doctor,1,1061.58,2
333.67,Debit,36,Engineer,1,9238.08,4
589.89,Debit,56,Engineer,3,9404.63,0
372.08,Debit,66,Doctor,1,13330.74,2
502.9,Credit,26,Student,1,341.24,1
103.81,Debit,36,Doctor,1,7044.63,5
69.43,Debit,30,Engineer,1,9281.85,4
110.4,Credit,56,Doctor,1,8639.36,2
275.65,Credit,28,Engineer,1,4957.57,4
336.01,Debit,63,Doctor,4,9938.2,2
251.8,Debit,62,Doctor,1,11796.66,2
334.07,Debit,59,Engineer,1,7306.79,0
52.44,Debit,27,Student,1,3157.75,1
1030.85,Debit,25,Student,1,1941.8,1
141.37,Debit,46,Engineer,1,1019.77,0
211.7,Credit,50,Doctor,1,12272.78,2
61.4,Debit,41,Engineer,2,7892.87,0
308.23,Debit,60,Retired,1,4150.63,3
111.41,Debit,21,Student,1,1204.11,1
675.49,Debit,61,Retired,1,1893.0,3
29.72,Debit,26,Student,1,1059.62,1
301.73,Debit,67,Doctor,1,990.74,2
294.61,Debit,60,Retired,1,7375.59,3
106.43,Credit,52,Engineer,1,9403.12,0
381.52,Debit,36,Doctor,1,5798.92,5
1142.76,Credit,25,Student,1,1498.93,1
5.66,Debit,40,Engineer,1,5434.64,0
209.09,Debit,48,Doctor,1,9100.81,2
521.81,Debit,47,Engineer,1,4750.96,0
588.36,Debit,33,Engineer,1,8434.99,4
146.67,Debit,20,Student,1,1569.75,1
176.52,Credit,73,Retired,5,7132.08,3
57.34,Debit,27,Student,1,1100.64,1
294.77,Debit,77,Retired,1,2272.17,3
881.32,Debit,31,Engineer,1,2287.93,4
162.59,Debit,64,Retired,1,7104.83,3
56.15,Debit,31,Doctor,1,13265.92,5
524.55,Debit,39,Doctor,1,8292.75,2
535.4,Debit,23,Student,1,651.84,1
56.84,Debit,45,Engineer,1,7977.78,0
135.94,Debit,71,Retired,1,4710.21,3
47.1,Credit,42,Doctor,1,6308.07,2
124.05,Credit,61,Doctor,1,7009.54,2
802.89,Debit,19,Student,1,1973.63,1
193.16,Debit,64,Retired,1,2304.56,3
541.52,Credit,48,Engineer,1,6087.24,0
20.17,Debit,77,Retired,1,3869.37,3
35.98,Credit,40,Doctor,1,11147.34,2
273.24,Debit,51,Retired,1,2202.21,3
663.45,Debit,67,Retired,1,5897.29,3
343.86,Debit,57,Engineer,1,3278.65,0
69.38,Debit,69,Doctor,2,12072.11,2
75.43,Debit,77,Retired,1,1441.86,3
414.64,Debit,32,Doctor,1,7253.22,5
86.79,Debit,33,Doctor,1,8795.37,5
1105.88,Debit,34,Engineer,1,2636.32,4
14.1,Debit,45,Engineer,1,6949.21,0
63.33,Credit,23,Student,1,792.33,1
606.27,Debit,29,Doctor,1,9668.78,5
4.47,Debit,27,Student,1,1381.75,1
289.01,Debit,66,Retired,1,4226.26,3
338.69,Debit,18,Student,1,1137.89,1
97.73,Debit,69,Doctor,1,7885.21,2
1021.16,Debit,20,Student,1,9427.06,1
27.61,Credit,54,Retired,1,3679.64,3
284.17,Debit,51,Retired,1,3479.56,3
76.21,Debit,22,Student,1,664.93,1
334.79,Credit,69,Doctor,1,624.09,2
584.51,Debit,74,Retired,1,3254.56,3
432.18,Debit,18,Student,1,678.83,1
134.55,Debit,59,Doctor,1,14852.42,2
61.66,Debit,26,Student,1,5705.4,1
12.35,Debit,25,Student,1,1846.85,1
213.25,Debit,25,Student,1,677.79,1
34.93,Debit,31,Engineer,1,2810.37,4
959.48,Debit,67,Doctor,1,10631.43,2
335.68,Debit,24,Student,1,1188.95,1
423.96,Debit,43,Doctor,1,8374.38,2
361.38,Credit,72,Retired,3,4972.92,3
220.82,Debit,42,Engineer,1,4298.13,0
717.36,Credit,22,Student,1,514.88,1
406.12,Debit,42,Doctor,1,10501.53,2
427.83,Debit,47,Engineer,1,3293.06,0
416.62,Credit,26,Student,1,9700.9,1
21.9,Debit,28,Student,1,1052.27,1
717.74,Credit,42,Engineer,1,8375.16,0
393.68,Debit,55,Doctor,1,10135.88,2
281.91,Debit,25,Student,1,225.53,1
239.85,Debit,70,Retired,1,1477.63,3
237.84,Debit,26,Student,1,8932.39,1
459.29,Credit,64,Retired,1,1006.12,3
196.49,Debit,41,Engineer,1,7516.56,0
21.23,Debit,23,Student,4,319.18,1
95.23,Debit,20,Student,3,966.88,1
344.87,Debit,58,Retired,1,7447.44,3
129.62,Credit,23,Student,1,620.28,1
16.53,Debit,21,Student,1,707.95,1
277.02,Credit,46,Doctor,1,8586.38,2
13.02,Debit,51,Doctor,1,6076.45,2
199.02,Debit,22,Student,1,793.63,1
684.5,Debit,29,Doctor,1,6258.63,5
1173.74,Credit,61,Doctor,1,10456.24,2
45.92,Debit,26,Student,1,544.56,1
761.73,Debit,19,Student,1,151.28,1
331.38,Debit,42,Engineer,1,844.55,0
602.8,Debit,60,Retired,1,7417.69,3
64.12,Credit,57,Doctor,1,1029.09,2
57.38,Debit,28,Student,1,899.52,1
94.64,Credit,28,Student,1,586.76,1
155.56,Credit,19,Student,1,129.79,1
301.39,Credit,47,Doctor,1,10548.58,2
136.31,Debit,74,Retired,1,4384.95,3
4.39,Debit,26,Student,1,1429.61,1
429.25,Debit,29,Engineer,1,5019.68,4
138.54,Credit,60,Engineer,1,8274.77,0
33.03,Debit,21,Student,1,935.88,1
76.39,Debit,30,Doctor,1,11584.32,5
25.32,Debit,19,Student,1,1642.34,1
330.91,Debit,36,Engineer,1,6481.35,4
153.55,Debit,37,Doctor,1,5619.91,5
217.61,Debit,27,Student,1,1661.1,1
131.69,Credit,53,Engineer,1,2958.43,0
953.17,Debit,60,Retired,1,3506.11,3
68.49,Debit,67,Retired,1,6683.31,3
1493.0,Debit,69,Retired,1,1619.16,3
470.62,Debit,57,Doctor,1,12470.62,2
385.35,Debit,38,Doctor,1,5184.13,5
74.72,Debit,26,Student,1,165.75,1
352.03,Credit,27,Student,1,4846.68,1
275.87,Debit,25,Student,1,1697.58,1
90.94,Credit,63,Retired,1,3896.08,3
206.25,Debit,74,Retired,1,3651.07,3
116.76,Debit,51,Engineer,1,4480.43,0
91.5,Debit,47,Doctor,1,667.66,2
489.31,Debit,43,Engineer,1,5595.22,0
1664.33,Debit,18,Student,1,1588.31,1
414.49,Credit,58,Doctor,1,12709.58,2
315.13,Debit,30,Engineer,1,6570.94,4
28.38,Debit,45,Doctor,1,8892.62,2
456.05,Debit,68,Doctor,1,11729.51,2
277.22,Debit,35,Doctor,1,12104.51,5
54.84,Debit,52,Retired,1,3495.51,3
29.92,Credit,68,Doctor,1,7855.01,2
133.06,Debit,35,Engineer,1,8843.44,4
332.06,Debit,29,Doctor,4,11826.52,5
14.34,Credit,67,Retired,1,7932.51,3
468.32,Debit,69,Retired,1,4710.04,3
582.17,Debit,57,Engineer,1,7310.83,0
245.62,Debit,23,Student,1,1879.82,1
981.9,Credit,43,Doctor,1,9018.33,2
83.6,Debit,47,Doctor,1,13899.24,2
331.22,Credit,61,Doctor,1,12613.25,2
57.49,Credit,24,Student,1,765.15,1
85.58,Debit,55,Engineer,1,7794.84,0
157.56,Debit,43,Doctor,1,7541.16,2
230.3,Debit,46,Engineer,1,8356.88,0
305.92,Debit,72,Retired,1,1445.47,3
942.7,Debit,35,Engineer,1,5141.32,4
116.33,Debit,27,Student,1,1696.15,1
537.71,Credit,19,Student,1,1806.08,1
538.17,Credit,27,Engineer,1,5908.04,4
219.44,Debit,42,Engineer,1,4207.27,0
61.62,Debit,57,Doctor,1,8365.37,2
58.77,Debit,27,Engineer,1,7261.7,4
538.13,Debit,62,Retired,1,5008.59,3
177.05,Debit,24,Student,1,4287.82,1
403.01,Debit,63,Doctor,3,10513.52,2
719.76,Debit,19,Student,1,690.52,1
163.22,Debit,26,Student,1,1788.27,1
242.85,Debit,42,Engineer,1,4672.8,0
291.22,Credit,41,Engineer,1,3677.63,0
56.52,Debit,42,Engineer,1,6911.2,0
195.8,Debit,39,Doctor,1,12027.68,2
66.76,Credit,36,Doctor,1,184.72,5
190.9,Debit,28,Student,1,101.25,1
106.99,Debit,38,Engineer,1,5771.4,4
655.81,Debit,55,Retired,2,4539.99,3
107.1,Credit,25,Student,1,193.8,1
79.92,Debit,44,Engineer,2,9138.76,0
430.83,Debit,18,Student,1,941.49,1
235.34,Debit,26,Student,1,566.83,1
86.35,Credit,52,Retired,1,1550.48,3
337.99,Debit,70,Doctor,1,9038.63,2
577.13,Credit,40,Engineer,1,6640.51,0
213.33,Debit,52,Retired,1,5400.44,3
54.52,Debit,32,Doctor,1,6980.98,5
100.13,Debit,57,Doctor,1,5209.16,2
883.92,Credit,53,Retired,1,2342.64,3
69.8,Credit,27,Student,1,136.77,1
768.94,Debit,64,Retired,1,6860.18,3
179.62,Debit,24,Student,1,409.26,1
425.91,Debit,23,Student,1,383.58,1
263.34,Debit,64,Retired,1,2411.02,3
113.03,Credit,36,Doctor,1,6756.13,5
11.02,Debit,42,Doctor,1,7879.66,2
865.17,Debit,24,Student,1,9297.5,1
152.0,Debit,51,Engineer,1,7531.43,0
270.39,Debit,25,Student,1,899.15,1
246.41,Debit,54,Retired,1,1431.6,3
336.84,Debit,22,Student,1,4500.26,1
261.45,Credit,50,Engineer,1,6735.74,0
99.98,Credit,73,Retired,1,3037.97,3
400.69,Debit,32,Engineer,1,9040.33,4
411.47,Debit,26,Student,1,796.63,1
204.63,Debit,52,Engineer,1,9199.52,0
421.56,Debit,53,Engineer,1,8037.87,0
193.38,Debit,18,Student,1,1081.79,1
377.04,Debit,34,Engineer,1,3812.87,4
54.1,Credit,28,Engineer,1,940.91,4
18.1,Debit,57,Retired,1,6474.34,3
408.62,Credit,48,Engineer,1,2498.48,0
162.1,Debit,64,Doctor,1,9578.74,2
165.31,Debit,49,Doctor,1,7346.66,2
267.48,Debit,21,Student,2,811.86,1
856.9,Debit,36,Engineer,1,8579.69,4
433.9,Debit,65,Doctor,1,9013.1,2
271.22,Credit,45,Doctor,1,6863.02,2
307.68,Credit,75,Retired,1,2052.84,3
348.17,Debit,21,Student,1,1887.84,1
43.1,Debit,25,Student,1,6944.9,1
557.78,Credit,26,Student,1,1289.48,1
325.6,Debit,69,Doctor,1,13777.1,2
235.83,Credit,53,Engineer,1,4120.75,0
603.54,Debit,44,Doctor,1,10517.47,2
270.25,Debit,31,Engineer,1,5414.97,4
123.38,Debit,59,Doctor,1,13542.41,2
577.12,Debit,39,Engineer,1,5265.88,0
92.24,Debit,60,Engineer,1,6937.48,0
856.21,Credit,33,Doctor,1,12690.79,5
251.54,Debit,48,Doctor,1,254.75,2
28.63,Debit,56,Retired,1,3382.91,3
185.97,Debit,23,Student,1,1776.91,1
243.08,Credit,24,Student,1,131.25,1
